,index,idiom,source,frequency
155,156,一日千里,"[B]:中國成語大辭典
[C]:經典成語
[D]:簡明實用成語辭典
[E]:成語辭典
[F]:小牛頓成語辭典(注音普及版)
[G(1)]:實用成語辭典
[H]:活用造句辭典(成語部分)
[I]:實用分類學生成語辭典(上)(下)
[J]:漢語成語考釋詞典
[K]:中國成語大辭典
[L]:小叮噹漫書成語小百科(1)~(10)
[N]:遠流活用成語辭典
[O(上)]:讀成語寫作文(上)(下)
[P(下)]:成語分類辭典(上)(下)
[Q]:繪圖成語故事三百篇(上)(中)(下)
[R]:新編兒童成語小百科(1)~(12)
[U]:同義反義成語詞典
[V]:中國成語大辭典
[W]:成語大辭典(上)(下)
[Y]:新編成語故事
[AA]:成語典故文選(上)(下)
[AC]:成語典
[AD]:洪葉活用成語辭典",23
183,184,一毛不拔,"[B]:中國成語大辭典
[C]:經典成語
[D]:簡明實用成語辭典
[E]:成語辭典
[F]:小牛頓成語辭典(注音普及版)
[G(1)]:實用成語辭典
[H]:活用造句辭典(成語部分)
[I]:實用分類學生成語辭典(上)(下)
[J]:漢語成語考釋詞典
[K]:中國成語大辭典
[L]:小叮噹漫書成語小百科(1)~(10)
[N]:遠流活用成語辭典
[O(下)]:讀成語寫作文(上)(下)
[P(上)]:成語分類辭典(上)(下)
[Q]:繪圖成語故事三百篇(上)(中)(下)
[R]:新編兒童成語小百科(1)~(12)
[S]:活用成語分類辭典(上)(下)
[T]:成語辨正辭典
[U]:同義反義成語詞典
[V]:中國成語大辭典
[W]:成語大辭典(上)(下)
[X]:常用成語用法
[Y]:新編成語故事
[Z]:成語辨正辭典
[AB]:漢英對照成語辭典
[AC]:成語典
[AD]:洪葉活用成語辭典",27
208,209,一丘之貉,"[B]:中國成語大辭典
[C]:經典成語
[D]:簡明實用成語辭典
[E]:成語辭典
[F]:小牛頓成語辭典(注音普及版)
[G(1)]:實用成語辭典
[H]:活用造句辭典(成語部分)
[I]:實用分類學生成語辭典(上)(下)
[J]:漢語成語考釋詞典
[K]:中國成語大辭典
[L]:小叮噹漫書成語小百科(1)~(10)
[M]:(小學生語文學習文庫)成語中的知識第一輯(一)~(四)加附錄
[N]:遠流活用成語辭典
[P(上)]:成語分類辭典(上)(下)
[Q]:繪圖成語故事三百篇(上)(中)(下)
[R]:新編兒童成語小百科(1)~(12)
[S]:活用成語分類辭典(上)(下)
[T]:成語辨正辭典
[V]:中國成語大辭典
[W]:成語大辭典(上)(下)
[X]:常用成語用法
[Y]:新編成語故事
[Z]:成語辨正辭典
[AA]:成語典故文選(上)(下)
[AB]:漢英對照成語辭典
[AC]:成語典
[AD]:洪葉活用成語辭典",27
382,383,一言九鼎,"[B]:中國成語大辭典
[C]:經典成語
[D]:簡明實用成語辭典
[E]:成語辭典
[F]:小牛頓成語辭典(注音普及版)
[G(1)]:實用成語辭典
[H]:活用造句辭典(成語部分)
[I]:實用分類學生成語辭典(上)(下)
[J]:漢語成語考釋詞典
[K]:中國成語大辭典
[L]:小叮噹漫書成語小百科(1)~(10)
[N]:遠流活用成語辭典
[O(上)]:讀成語寫作文(上)(下)
[R]:新編兒童成語小百科(1)~(12)
[S]:活用成語分類辭典(上)(下)
[T]:成語辨正辭典
[U]:同義反義成語詞典
[V]:中國成語大辭典
[W]:成語大辭典(上)(下)
[Z]:成語辨正辭典
[AC]:成語典
[AD]:洪葉活用成語辭典",22
705,706,一敗塗地,"[B]:中國成語大辭典
[C]:經典成語
[D]:簡明實用成語辭典
[E]:成語辭典
[F]:小牛頓成語辭典(注音普及版)
[G(1)]:實用成語辭典
[H]:活用造句辭典(成語部分)
[I]:實用分類學生成語辭典(上)(下)
[J]:漢語成語考釋詞典
[K]:中國成語大辭典
[M]:(小學生語文學習文庫)成語中的知識第一輯(一)~(四)加附錄
[N]:遠流活用成語辭典
[P(下)]:成語分類辭典(上)(下)
[Q]:繪圖成語故事三百篇(上)(中)(下)
[R]:新編兒童成語小百科(1)~(12)
[S]:活用成語分類辭典(上)(下)
[T]:成語辨正辭典
[U]:同義反義成語詞典
[V]:中國成語大辭典
[W]:成語大辭典(上)(下)
[X]:常用成語用法
[Z]:成語辨正辭典
[AB]:漢英對照成語辭典
[AC]:成語典
[AD]:洪葉活用成語辭典",25
728,729,一視同仁,"[B]:中國成語大辭典
[C]:經典成語
[D]:簡明實用成語辭典
[E]:成語辭典
[F]:小牛頓成語辭典(注音普及版)
[G(1)]:實用成語辭典
[H]:活用造句辭典(成語部分)
[I]:實用分類學生成語辭典(上)(下)
[J]:漢語成語考釋詞典
[K]:中國成語大辭典
[N]:遠流活用成語辭典
[O(下)]:讀成語寫作文(上)(下)
[P(上)]:成語分類辭典(上)(下)
[R]:新編兒童成語小百科(1)~(12)
[S]:活用成語分類辭典(上)(下)
[U]:同義反義成語詞典
[V]:中國成語大辭典
[W]:成語大辭典(上)(下)
[Z]:成語辨正辭典
[AB]:漢英對照成語辭典
[AC]:成語典",21
889,890,一鼓作氣,"[B]:中國成語大辭典
[C]:經典成語
[D]:簡明實用成語辭典
[E]:成語辭典
[F]:小牛頓成語辭典(注音普及版)
[G(1)]:實用成語辭典
[H]:活用造句辭典(成語部分)
[I]:實用分類學生成語辭典(上)(下)
[J]:漢語成語考釋詞典
[K]:中國成語大辭典
[L]:小叮噹漫書成語小百科(1)~(10)
[N]:遠流活用成語辭典
[P(上)]:成語分類辭典(上)(下)
[Q]:繪圖成語故事三百篇(上)(中)(下)
[R]:新編兒童成語小百科(1)~(12)
[T]:成語辨正辭典
[U]:同義反義成語詞典
[V]:中國成語大辭典
[W]:成語大辭典(上)(下)
[X]:常用成語用法
[AA]:成語典故文選(上)(下)
[AB]:漢英對照成語辭典
[AC]:成語典
[AD]:洪葉活用成語辭典",24
914,915,一網打盡,"[B]:中國成語大辭典
[C]:經典成語
[D]:簡明實用成語辭典
[E]:成語辭典
[F]:小牛頓成語辭典(注音普及版)
[G(1)]:實用成語辭典
[H]:活用造句辭典(成語部分)
[J]:漢語成語考釋詞典
[K]:中國成語大辭典
[L]:小叮噹漫書成語小百科(1)~(10)
[N]:遠流活用成語辭典
[P(下)]:成語分類辭典(上)(下)
[R]:新編兒童成語小百科(1)~(12)
[S]:活用成語分類辭典(上)(下)
[T]:成語辨正辭典
[U]:同義反義成語詞典
[V]:中國成語大辭典
[W]:成語大辭典(上)(下)
[AA]:成語典故文選(上)(下)
[AB]:漢英對照成語辭典
[AC]:成語典",21
946,947,一鳴驚人,"[B]:中國成語大辭典
[C]:經典成語
[D]:簡明實用成語辭典
[E]:成語辭典
[F]:小牛頓成語辭典(注音普及版)
[G(1)]:實用成語辭典
[H]:活用造句辭典(成語部分)
[I]:實用分類學生成語辭典(上)(下)
[J]:漢語成語考釋詞典
[K]:中國成語大辭典
[M]:(小學生語文學習文庫)成語中的知識第一輯(一)~(四)加附錄
[N]:遠流活用成語辭典
[P(下)]:成語分類辭典(上)(下)
[Q]:繪圖成語故事三百篇(上)(中)(下)
[R]:新編兒童成語小百科(1)~(12)
[T]:成語辨正辭典
[U]:同義反義成語詞典
[V]:中國成語大辭典
[W]:成語大辭典(上)(下)
[X]:常用成語用法
[AA]:成語典故文選(上)(下)
[AB]:漢英對照成語辭典
[AC]:成語典
[AD]:洪葉活用成語辭典",24
959,960,一暴十寒,"[B]:中國成語大辭典
[C]:經典成語
[D]:簡明實用成語辭典
[E]:成語辭典
[F]:小牛頓成語辭典(注音普及版)
[G(1)]:實用成語辭典
[H]:活用造句辭典(成語部分)
[I]:實用分類學生成語辭典(上)(下)
[J]:漢語成語考釋詞典
[K]:中國成語大辭典
[L]:小叮噹漫書成語小百科(1)~(10)
[M]:(小學生語文學習文庫)成語中的知識第一輯(一)~(四)加附錄
[N]:遠流活用成語辭典
[O(上)]:讀成語寫作文(上)(下)
[P(下)]:成語分類辭典(上)(下)
[R]:新編兒童成語小百科(1)~(12)
[S]:活用成語分類辭典(上)(下)
[T]:成語辨正辭典
[V]:中國成語大辭典
[W]:成語大辭典(上)(下)
[Z]:成語辨正辭典
[AA]:成語典故文選(上)(下)
[AC]:成語典
[AD]:洪葉活用成語辭典",24
1031,1032,一諾千金,"[B]:中國成語大辭典
[C]:經典成語
[D]:簡明實用成語辭典
[E]:成語辭典
[F]:小牛頓成語辭典(注音普及版)
[G(1)]:實用成語辭典
[H]:活用造句辭典(成語部分)
[I]:實用分類學生成語辭典(上)(下)
[J]:漢語成語考釋詞典
[K]:中國成語大辭典
[N]:遠流活用成語辭典
[O(上)]:讀成語寫作文(上)(下)
[R]:新編兒童成語小百科(1)~(12)
[T]:成語辨正辭典
[U]:同義反義成語詞典
[V]:中國成語大辭典
[W]:成語大辭典(上)(下)
[X]:常用成語用法
[Z]:成語辨正辭典
[AA]:成語典故文選(上)(下)
[AB]:漢英對照成語辭典
[AC]:成語典
[AD]:洪葉活用成語辭典",23
1069,1070,一竅不通,"[B]:中國成語大辭典
[C]:經典成語
[D]:簡明實用成語辭典
[E]:成語辭典
[F]:小牛頓成語辭典(注音普及版)
[G(1)]:實用成語辭典
[H]:活用造句辭典(成語部分)
[I]:實用分類學生成語辭典(上)(下)
[J]:漢語成語考釋詞典
[K]:中國成語大辭典
[N]:遠流活用成語辭典
[O(下)]:讀成語寫作文(上)(下)
[P(上)]:成語分類辭典(上)(下)
[P(下)]:成語分類辭典(上)(下)
[Q]:繪圖成語故事三百篇(上)(中)(下)
[R]:新編兒童成語小百科(1)~(12)
[T]:成語辨正辭典
[U]:同義反義成語詞典
[V]:中國成語大辭典
[W]:成語大辭典(上)(下)
[Z]:成語辨正辭典
[AB]:漢英對照成語辭典
[AC]:成語典",23
1105,1106,一籌莫展,"[B]:中國成語大辭典
[C]:經典成語
[D]:簡明實用成語辭典
[E]:成語辭典
[F]:小牛頓成語辭典(注音普及版)
[G(1)]:實用成語辭典
[I]:實用分類學生成語辭典(上)(下)
[J]:漢語成語考釋詞典
[K]:中國成語大辭典
[N]:遠流活用成語辭典
[O(上)]:讀成語寫作文(上)(下)
[P(下)]:成語分類辭典(上)(下)
[R]:新編兒童成語小百科(1)~(12)
[S]:活用成語分類辭典(上)(下)
[T]:成語辨正辭典
[U]:同義反義成語詞典
[V]:中國成語大辭典
[W]:成語大辭典(上)(下)
[Z]:成語辨正辭典
[AB]:漢英對照成語辭典
[AC]:成語典",21
1711,1712,入木三分,"[B]:中國成語大辭典
[C]:經典成語
[D]:簡明實用成語辭典
[E]:成語辭典
[F]:小牛頓成語辭典(注音普及版)
[G(1)]:實用成語辭典
[I]:實用分類學生成語辭典(上)(下)
[K]:中國成語大辭典
[L]:小叮噹漫書成語小百科(1)~(10)
[M]:(小學生語文學習文庫)成語中的知識第一輯(一)~(四)加附錄
[N]:遠流活用成語辭典
[O(下)]:讀成語寫作文(上)(下)
[P(下)]:成語分類辭典(上)(下)
[R]:新編兒童成語小百科(1)~(12)
[S]:活用成語分類辭典(上)(下)
[T]:成語辨正辭典
[U]:同義反義成語詞典
[V]:中國成語大辭典
[W]:成語大辭典(上)(下)
[X]:常用成語用法
[AA]:成語典故文選(上)(下)
[AB]:漢英對照成語辭典
[AC]:成語典
[AD]:洪葉活用成語辭典",24
2862,2863,口若懸河,"[B]:中國成語大辭典
[C]:經典成語
[D]:簡明實用成語辭典
[E]:成語辭典
[F]:小牛頓成語辭典(注音普及版)
[G(1)]:實用成語辭典
[H]:活用造句辭典(成語部分)
[I]:實用分類學生成語辭典(上)(下)
[J]:漢語成語考釋詞典
[K]:中國成語大辭典
[L]:小叮噹漫書成語小百科(1)~(10)
[N]:遠流活用成語辭典
[P(上)]:成語分類辭典(上)(下)
[Q]:繪圖成語故事三百篇(上)(中)(下)
[R]:新編兒童成語小百科(1)~(12)
[S]:活用成語分類辭典(上)(下)
[T]:成語辨正辭典
[U]:同義反義成語詞典
[V]:中國成語大辭典
[W]:成語大辭典(上)(下)
[X]:常用成語用法
[Z]:成語辨正辭典
[AA]:成語典故文選(上)(下)
[AB]:漢英對照成語辭典
[AD]:洪葉活用成語辭典",25
2913,2914,土崩瓦解,"[B]:中國成語大辭典
[C]:經典成語
[D]:簡明實用成語辭典
[E]:成語辭典
[F]:小牛頓成語辭典(注音普及版)
[G(1)]:實用成語辭典
[H]:活用造句辭典(成語部分)
[I]:實用分類學生成語辭典(上)(下)
[J]:漢語成語考釋詞典
[K]:中國成語大辭典
[N]:遠流活用成語辭典
[P(下)]:成語分類辭典(上)(下)
[R]:新編兒童成語小百科(1)~(12)
[S]:活用成語分類辭典(上)(下)
[U]:同義反義成語詞典
[V]:中國成語大辭典
[W]:成語大辭典(上)(下)
[Z]:成語辨正辭典
[AB]:漢英對照成語辭典
[AC]:成語典
[AD]:洪葉活用成語辭典",21
3221,3222,大義滅親,"[B]:中國成語大辭典
[C]:經典成語
[D]:簡明實用成語辭典
[E]:成語辭典
[G(1)]:實用成語辭典
[H]:活用造句辭典(成語部分)
[I]:實用分類學生成語辭典(上)(下)
[J]:漢語成語考釋詞典
[K]:中國成語大辭典
[M]:(小學生語文學習文庫)成語中的知識第一輯(一)~(四)加附錄
[N]:遠流活用成語辭典
[P(上)]:成語分類辭典(上)(下)
[Q]:繪圖成語故事三百篇(上)(中)(下)
[R]:新編兒童成語小百科(1)~(12)
[S]:活用成語分類辭典(上)(下)
[T]:成語辨正辭典
[V]:中國成語大辭典
[W]:成語大辭典(上)(下)
[AA]:成語典故文選(上)(下)
[AC]:成語典
[AD]:洪葉活用成語辭典",21
3273,3274,大器晚成,"[B]:中國成語大辭典
[C]:經典成語
[D]:簡明實用成語辭典
[E]:成語辭典
[F]:小牛頓成語辭典(注音普及版)
[G(1)]:實用成語辭典
[H]:活用造句辭典(成語部分)
[I]:實用分類學生成語辭典(上)(下)
[J]:漢語成語考釋詞典
[K]:中國成語大辭典
[N]:遠流活用成語辭典
[Q]:繪圖成語故事三百篇(上)(中)(下)
[R]:新編兒童成語小百科(1)~(12)
[S]:活用成語分類辭典(上)(下)
[T]:成語辨正辭典
[U]:同義反義成語詞典
[V]:中國成語大辭典
[W]:成語大辭典(上)(下)
[Z]:成語辨正辭典
[AB]:漢英對照成語辭典
[AC]:成語典",21
3961,3962,不可救藥,"[B]:中國成語大辭典
[C]:經典成語
[D]:簡明實用成語辭典
[E]:成語辭典
[F]:小牛頓成語辭典(注音普及版)
[G(1)]:實用成語辭典
[J]:漢語成語考釋詞典
[K]:中國成語大辭典
[N]:遠流活用成語辭典
[P(下)]:成語分類辭典(上)(下)
[Q]:繪圖成語故事三百篇(上)(中)(下)
[R]:新編兒童成語小百科(1)~(12)
[S]:活用成語分類辭典(上)(下)
[T]:成語辨正辭典
[U]:同義反義成語詞典
[V]:中國成語大辭典
[W]:成語大辭典(上)(下)
[Y]:新編成語故事
[AB]:漢英對照成語辭典
[AC]:成語典
[AD]:洪葉活用成語辭典",21
4019,4020,不共戴天,"[B]:中國成語大辭典
[C]:經典成語
[D]:簡明實用成語辭典
[E]:成語辭典
[F]:小牛頓成語辭典(注音普及版)
[G(1)]:實用成語辭典
[H]:活用造句辭典(成語部分)
[I]:實用分類學生成語辭典(上)(下)
[J]:漢語成語考釋詞典
[K]:中國成語大辭典
[N]:遠流活用成語辭典
[O(上)]:讀成語寫作文(上)(下)
[P(上)]:成語分類辭典(上)(下)
[P(下)]:成語分類辭典(上)(下)
[R]:新編兒童成語小百科(1)~(12)
[S]:活用成語分類辭典(上)(下)
[T]:成語辨正辭典
[U]:同義反義成語詞典
[V]:中國成語大辭典
[W]:成語大辭典(上)(下)
[Z]:成語辨正辭典
[AC]:成語典",22
4306,4307,不倫不類,"[B]:中國成語大辭典
[C]:經典成語
[D]:簡明實用成語辭典
[E]:成語辭典
[F]:小牛頓成語辭典(注音普及版)
[G(1)]:實用成語辭典
[H]:活用造句辭典(成語部分)
[I]:實用分類學生成語辭典(上)(下)
[J]:漢語成語考釋詞典
[K]:中國成語大辭典
[L]:小叮噹漫書成語小百科(1)~(10)
[N]:遠流活用成語辭典
[R]:新編兒童成語小百科(1)~(12)
[S]:活用成語分類辭典(上)(下)
[T]:成語辨正辭典
[U]:同義反義成語詞典
[V]:中國成語大辭典
[W]:成語大辭典(上)(下)
[Z]:成語辨正辭典
[AB]:漢英對照成語辭典
[AC]:成語典",21
4339,4340,不恥下問,"[B]:中國成語大辭典
[C]:經典成語
[D]:簡明實用成語辭典
[E]:成語辭典
[F]:小牛頓成語辭典(注音普及版)
[G(1)]:實用成語辭典
[H]:活用造句辭典(成語部分)
[I]:實用分類學生成語辭典(上)(下)
[K]:中國成語大辭典
[N]:遠流活用成語辭典
[O(上)]:讀成語寫作文(上)(下)
[P(上)]:成語分類辭典(上)(下)
[R]:新編兒童成語小百科(1)~(12)
[S]:活用成語分類辭典(上)(下)
[V]:中國成語大辭典
[W]:成語大辭典(上)(下)
[X]:常用成語用法
[Y]:新編成語故事
[AA]:成語典故文選(上)(下)
[AC]:成語典
[AD]:洪葉活用成語辭典",21
4430,4431,不脛而走,"[B]:中國成語大辭典
[C]:經典成語
[D]:簡明實用成語辭典
[E]:成語辭典
[F]:小牛頓成語辭典(注音普及版)
[G(1)]:實用成語辭典
[I]:實用分類學生成語辭典(上)(下)
[J]:漢語成語考釋詞典
[K]:中國成語大辭典
[N]:遠流活用成語辭典
[P(下)]:成語分類辭典(上)(下)
[R]:新編兒童成語小百科(1)~(12)
[S]:活用成語分類辭典(上)(下)
[T]:成語辨正辭典
[U]:同義反義成語詞典
[V]:中國成語大辭典
[W]:成語大辭典(上)(下)
[Z]:成語辨正辭典
[AA]:成語典故文選(上)(下)
[AB]:漢英對照成語辭典
[AC]:成語典",21
4644,4645,不學無術,"[B]:中國成語大辭典
[C]:經典成語
[D]:簡明實用成語辭典
[E]:成語辭典
[F]:小牛頓成語辭典(注音普及版)
[G(1)]:實用成語辭典
[H]:活用造句辭典(成語部分)
[I]:實用分類學生成語辭典(上)(下)
[J]:漢語成語考釋詞典
[K]:中國成語大辭典
[N]:遠流活用成語辭典
[O(下)]:讀成語寫作文(上)(下)
[P(上)]:成語分類辭典(上)(下)
[P(下)]:成語分類辭典(上)(下)
[R]:新編兒童成語小百科(1)~(12)
[S]:活用成語分類辭典(上)(下)
[T]:成語辨正辭典
[U]:同義反義成語詞典
[V]:中國成語大辭典
[W]:成語大辭典(上)(下)
[Z]:成語辨正辭典
[AA]:成語典故文選(上)(下)
[AC]:成語典
[AD]:洪葉活用成語辭典",24
5557,5558,天衣無縫,"[B]:中國成語大辭典
[C]:經典成語
[D]:簡明實用成語辭典
[E]:成語辭典
[F]:小牛頓成語辭典(注音普及版)
[G(1)]:實用成語辭典
[H]:活用造句辭典(成語部分)
[I]:實用分類學生成語辭典(上)(下)
[J]:漢語成語考釋詞典
[K]:中國成語大辭典
[L]:小叮噹漫書成語小百科(1)~(10)
[N]:遠流活用成語辭典
[O(下)]:讀成語寫作文(上)(下)
[P(下)]:成語分類辭典(上)(下)
[Q]:繪圖成語故事三百篇(上)(中)(下)
[R]:新編兒童成語小百科(1)~(12)
[S]:活用成語分類辭典(上)(下)
[T]:成語辨正辭典
[V]:中國成語大辭典
[W]:成語大辭典(上)(下)
[X]:常用成語用法
[Y]:新編成語故事
[Z]:成語辨正辭典
[AA]:成語典故文選(上)(下)
[AB]:漢英對照成語辭典
[AC]:成語典
[AD]:洪葉活用成語辭典",27
5702,5703,天經地義,"[B]:中國成語大辭典
[C]:經典成語
[D]:簡明實用成語辭典
[E]:成語辭典
[F]:小牛頓成語辭典(注音普及版)
[G(1)]:實用成語辭典
[H]:活用造句辭典(成語部分)
[I]:實用分類學生成語辭典(上)(下)
[J]:漢語成語考釋詞典
[K]:中國成語大辭典
[N]:遠流活用成語辭典
[P(下)]:成語分類辭典(上)(下)
[R]:新編兒童成語小百科(1)~(12)
[S]:活用成語分類辭典(上)(下)
[T]:成語辨正辭典
[U]:同義反義成語詞典
[V]:中國成語大辭典
[W]:成語大辭典(上)(下)
[Z]:成語辨正辭典
[AB]:漢英對照成語辭典
[AC]:成語典",21
6200,6201,心猿意馬,"[B]:中國成語大辭典
[C]:經典成語
[D]:簡明實用成語辭典
[E]:成語辭典
[F]:小牛頓成語辭典(注音普及版)
[G(1)]:實用成語辭典
[H]:活用造句辭典(成語部分)
[I]:實用分類學生成語辭典(上)(下)
[J]:漢語成語考釋詞典
[K]:中國成語大辭典
[L]:小叮噹漫書成語小百科(1)~(10)
[N]:遠流活用成語辭典
[O(上)]:讀成語寫作文(上)(下)
[P(上)]:成語分類辭典(上)(下)
[R]:新編兒童成語小百科(1)~(12)
[T]:成語辨正辭典
[U]:同義反義成語詞典
[V]:中國成語大辭典
[W]:成語大辭典(上)(下)
[AB]:漢英對照成語辭典
[AC]:成語典",21
6378,6379,手舞足蹈,"[B]:中國成語大辭典
[C]:經典成語
[E]:成語辭典
[G(1)]:實用成語辭典
[H]:活用造句辭典(成語部分)
[I]:實用分類學生成語辭典(上)(下)
[J]:漢語成語考釋詞典
[K]:中國成語大辭典
[N]:遠流活用成語辭典
[O(上)]:讀成語寫作文(上)(下)
[P(上)]:成語分類辭典(上)(下)
[R]:新編兒童成語小百科(1)~(12)
[S]:活用成語分類辭典(上)(下)
[T]:成語辨正辭典
[U]:同義反義成語詞典
[V]:中國成語大辭典
[W]:成語大辭典(上)(下)
[AA]:成語典故文選(上)(下)
[AB]:漢英對照成語辭典
[AC]:成語典
[AD]:洪葉活用成語辭典",21
6929,6930,水到渠成,"[B]:中國成語大辭典
[C]:經典成語
[D]:簡明實用成語辭典
[E]:成語辭典
[F]:小牛頓成語辭典(注音普及版)
[G(1)]:實用成語辭典
[H]:活用造句辭典(成語部分)
[I]:實用分類學生成語辭典(上)(下)
[J]:漢語成語考釋詞典
[K]:中國成語大辭典
[N]:遠流活用成語辭典
[P(下)]:成語分類辭典(上)(下)
[R]:新編兒童成語小百科(1)~(12)
[S]:活用成語分類辭典(上)(下)
[T]:成語辨正辭典
[U]:同義反義成語詞典
[V]:中國成語大辭典
[W]:成語大辭典(上)(下)
[Z]:成語辨正辭典
[AA]:成語典故文選(上)(下)
[AC]:成語典",21
6959,6960,水深火熱,"[B]:中國成語大辭典
[C]:經典成語
[D]:簡明實用成語辭典
[E]:成語辭典
[F]:小牛頓成語辭典(注音普及版)
[G(1)]:實用成語辭典
[H]:活用造句辭典(成語部分)
[J]:漢語成語考釋詞典
[K]:中國成語大辭典
[N]:遠流活用成語辭典
[P(上)]:成語分類辭典(上)(下)
[Q]:繪圖成語故事三百篇(上)(中)(下)
[R]:新編兒童成語小百科(1)~(12)
[S]:活用成語分類辭典(上)(下)
[U]:同義反義成語詞典
[V]:中國成語大辭典
[W]:成語大辭典(上)(下)
[X]:常用成語用法
[Z]:成語辨正辭典
[AB]:漢英對照成語辭典
[AC]:成語典
[AD]:洪葉活用成語辭典",22
6987,6988,水滴石穿,"[B]:中國成語大辭典
[C]:經典成語
[D]:簡明實用成語辭典
[E]:成語辭典
[G(1)]:實用成語辭典
[I]:實用分類學生成語辭典(上)(下)
[J]:漢語成語考釋詞典
[K]:中國成語大辭典
[L]:小叮噹漫書成語小百科(1)~(10)
[N]:遠流活用成語辭典
[P(下)]:成語分類辭典(上)(下)
[Q]:繪圖成語故事三百篇(上)(中)(下)
[R]:新編兒童成語小百科(1)~(12)
[S]:活用成語分類辭典(上)(下)
[T]:成語辨正辭典
[V]:中國成語大辭典
[W]:成語大辭典(上)(下)
[Z]:成語辨正辭典
[AA]:成語典故文選(上)(下)
[AB]:漢英對照成語辭典
[AC]:成語典",21
6999,7000,水落石出,"[B]:中國成語大辭典
[C]:經典成語
[D]:簡明實用成語辭典
[E]:成語辭典
[F]:小牛頓成語辭典(注音普及版)
[G(1)]:實用成語辭典
[H]:活用造句辭典(成語部分)
[I]:實用分類學生成語辭典(上)(下)
[J]:漢語成語考釋詞典
[K]:中國成語大辭典
[M]:(小學生語文學習文庫)成語中的知識第一輯(一)~(四)加附錄
[N]:遠流活用成語辭典
[P(下)]:成語分類辭典(上)(下)
[Q]:繪圖成語故事三百篇(上)(中)(下)
[R]:新編兒童成語小百科(1)~(12)
[S]:活用成語分類辭典(上)(下)
[T]:成語辨正辭典
[U]:同義反義成語詞典
[V]:中國成語大辭典
[W]:成語大辭典(上)(下)
[X]:常用成語用法
[Y]:新編成語故事
[AA]:成語典故文選(上)(下)
[AB]:漢英對照成語辭典
[AC]:成語典
[AD]:洪葉活用成語辭典",26
7245,7246,世外桃源,"[B]:中國成語大辭典
[C]:經典成語
[D]:簡明實用成語辭典
[E]:成語辭典
[F]:小牛頓成語辭典(注音普及版)
[G(1)]:實用成語辭典
[H]:活用造句辭典(成語部分)
[I]:實用分類學生成語辭典(上)(下)
[J]:漢語成語考釋詞典
[K]:中國成語大辭典
[L]:小叮噹漫書成語小百科(1)~(10)
[N]:遠流活用成語辭典
[P(下)]:成語分類辭典(上)(下)
[R]:新編兒童成語小百科(1)~(12)
[S]:活用成語分類辭典(上)(下)
[T]:成語辨正辭典
[V]:中國成語大辭典
[W]:成語大辭典(上)(下)
[X]:常用成語用法
[AA]:成語典故文選(上)(下)
[AB]:漢英對照成語辭典
[AC]:成語典",22
7693,7694,出奇制勝,"[B]:中國成語大辭典
[C]:經典成語
[D]:簡明實用成語辭典
[E]:成語辭典
[F]:小牛頓成語辭典(注音普及版)
[G(1)]:實用成語辭典
[H]:活用造句辭典(成語部分)
[J]:漢語成語考釋詞典
[K]:中國成語大辭典
[M]:(小學生語文學習文庫)成語中的知識第一輯(一)~(四)加附錄
[N]:遠流活用成語辭典
[P(下)]:成語分類辭典(上)(下)
[R]:新編兒童成語小百科(1)~(12)
[S]:活用成語分類辭典(上)(下)
[U]:同義反義成語詞典
[V]:中國成語大辭典
[W]:成語大辭典(上)(下)
[X]:常用成語用法
[Y]:新編成語故事
[Z]:成語辨正辭典
[AA]:成語典故文選(上)(下)
[AB]:漢英對照成語辭典
[AC]:成語典",23
7724,7725,出爾反爾,"[B]:中國成語大辭典
[C]:經典成語
[D]:簡明實用成語辭典
[E]:成語辭典
[F]:小牛頓成語辭典(注音普及版)
[G(1)]:實用成語辭典
[H]:活用造句辭典(成語部分)
[I]:實用分類學生成語辭典(上)(下)
[J]:漢語成語考釋詞典
[K]:中國成語大辭典
[N]:遠流活用成語辭典
[O(上)]:讀成語寫作文(上)(下)
[P(上)]:成語分類辭典(上)(下)
[Q]:繪圖成語故事三百篇(上)(中)(下)
[T]:成語辨正辭典
[U]:同義反義成語詞典
[V]:中國成語大辭典
[W]:成語大辭典(上)(下)
[Z]:成語辨正辭典
[AB]:漢英對照成語辭典
[AC]:成語典
[AD]:洪葉活用成語辭典",22
7735,7736,出類拔萃,"[B]:中國成語大辭典
[D]:簡明實用成語辭典
[E]:成語辭典
[F]:小牛頓成語辭典(注音普及版)
[G(1)]:實用成語辭典
[H]:活用造句辭典(成語部分)
[I]:實用分類學生成語辭典(上)(下)
[J]:漢語成語考釋詞典
[K]:中國成語大辭典
[N]:遠流活用成語辭典
[O(下)]:讀成語寫作文(上)(下)
[P(上)]:成語分類辭典(上)(下)
[S]:活用成語分類辭典(上)(下)
[T]:成語辨正辭典
[U]:同義反義成語詞典
[V]:中國成語大辭典
[W]:成語大辭典(上)(下)
[X]:常用成語用法
[Y]:新編成語故事
[Z]:成語辨正辭典
[AB]:漢英對照成語辭典
[AC]:成語典
[AD]:洪葉活用成語辭典",23
7784,7785,功虧一簣,"[B]:中國成語大辭典
[C]:經典成語
[D]:簡明實用成語辭典
[E]:成語辭典
[F]:小牛頓成語辭典(注音普及版)
[G(1)]:實用成語辭典
[H]:活用造句辭典(成語部分)
[I]:實用分類學生成語辭典(上)(下)
[J]:漢語成語考釋詞典
[M]:(小學生語文學習文庫)成語中的知識第一輯(一)~(四)加附錄
[N]:遠流活用成語辭典
[O(上)]:讀成語寫作文(上)(下)
[R]:新編兒童成語小百科(1)~(12)
[S]:活用成語分類辭典(上)(下)
[T]:成語辨正辭典
[U]:同義反義成語詞典
[V]:中國成語大辭典
[W]:成語大辭典(上)(下)
[X]:常用成語用法
[Z]:成語辨正辭典
[AA]:成語典故文選(上)(下)
[AB]:漢英對照成語辭典
[AC]:成語典
[AD]:洪葉活用成語辭典",24
7895,7896,半途而廢,"[B]:中國成語大辭典
[C]:經典成語
[E]:成語辭典
[G(2)]:實用成語辭典
[H]:活用造句辭典(成語部分)
[I]:實用分類學生成語辭典(上)(下)
[J]:漢語成語考釋詞典
[K]:中國成語大辭典
[M]:(小學生語文學習文庫)成語中的知識第一輯(一)~(四)加附錄
[N]:遠流活用成語辭典
[O(上)]:讀成語寫作文(上)(下)
[Q]:繪圖成語故事三百篇(上)(中)(下)
[R]:新編兒童成語小百科(1)~(12)
[S]:活用成語分類辭典(上)(下)
[T]:成語辨正辭典
[U]:同義反義成語詞典
[V]:中國成語大辭典
[W]:成語大辭典(上)(下)
[X]:常用成語用法
[AB]:漢英對照成語辭典
[AC]:成語典",21
8122,8123,司空見慣,"[B]:中國成語大辭典
[C]:經典成語
[D]:簡明實用成語辭典
[E]:成語辭典
[G(1)]:實用成語辭典
[H]:活用造句辭典(成語部分)
[I]:實用分類學生成語辭典(上)(下)
[J]:漢語成語考釋詞典
[K]:中國成語大辭典
[L]:小叮噹漫書成語小百科(1)~(10)
[M]:(小學生語文學習文庫)成語中的知識第一輯(一)~(四)加附錄
[N]:遠流活用成語辭典
[P(下)]:成語分類辭典(上)(下)
[Q]:繪圖成語故事三百篇(上)(中)(下)
[R]:新編兒童成語小百科(1)~(12)
[S]:活用成語分類辭典(上)(下)
[T]:成語辨正辭典
[U]:同義反義成語詞典
[W]:成語大辭典(上)(下)
[X]:常用成語用法
[Z]:成語辨正辭典
[AA]:成語典故文選(上)(下)
[AB]:漢英對照成語辭典
[AC]:成語典
[AD]:洪葉活用成語辭典",25
8178,8179,四面楚歌,"[B]:中國成語大辭典
[C]:經典成語
[D]:簡明實用成語辭典
[E]:成語辭典
[F]:小牛頓成語辭典(注音普及版)
[G(1)]:實用成語辭典
[H]:活用造句辭典(成語部分)
[I]:實用分類學生成語辭典(上)(下)
[J]:漢語成語考釋詞典
[K]:中國成語大辭典
[M]:(小學生語文學習文庫)成語中的知識第一輯(一)~(四)加附錄
[N]:遠流活用成語辭典
[Q]:繪圖成語故事三百篇(上)(中)(下)
[R]:新編兒童成語小百科(1)~(12)
[S]:活用成語分類辭典(上)(下)
[T]:成語辨正辭典
[U]:同義反義成語詞典
[V]:中國成語大辭典
[W]:成語大辭典(上)(下)
[Y]:新編成語故事
[Z]:成語辨正辭典
[AA]:成語典故文選(上)(下)
[AC]:成語典
[AD]:洪葉活用成語辭典",24
8647,8648,打草驚蛇,"[B]:中國成語大辭典
[C]:經典成語
[D]:簡明實用成語辭典
[E]:成語辭典
[F]:小牛頓成語辭典(注音普及版)
[G(1)]:實用成語辭典
[H]:活用造句辭典(成語部分)
[I]:實用分類學生成語辭典(上)(下)
[J]:漢語成語考釋詞典
[K]:中國成語大辭典
[L]:小叮噹漫書成語小百科(1)~(10)
[N]:遠流活用成語辭典
[P(上)]:成語分類辭典(上)(下)
[Q]:繪圖成語故事三百篇(上)(中)(下)
[R]:新編兒童成語小百科(1)~(12)
[T]:成語辨正辭典
[U]:同義反義成語詞典
[V]:中國成語大辭典
[W]:成語大辭典(上)(下)
[X]:常用成語用法
[AA]:成語典故文選(上)(下)
[AB]:漢英對照成語辭典
[AC]:成語典
[AD]:洪葉活用成語辭典",24
8736,8737,未雨綢繆,"[A]:彩圖典故辭典(精)
[B]:中國成語大辭典
[C]:經典成語
[D]:簡明實用成語辭典
[G(1)]:實用成語辭典
[J]:漢語成語考釋詞典
[K]:中國成語大辭典
[L]:小叮噹漫書成語小百科(1)~(10)
[M]:(小學生語文學習文庫)成語中的知識第一輯(一)~(四)加附錄
[N]:遠流活用成語辭典
[O(上)]:讀成語寫作文(上)(下)
[R]:新編兒童成語小百科(1)~(12)
[S]:活用成語分類辭典(上)(下)
[T]:成語辨正辭典
[U]:同義反義成語詞典
[V]:中國成語大辭典
[W]:成語大辭典(上)(下)
[X]:常用成語用法
[Z]:成語辨正辭典
[AB]:漢英對照成語辭典
[AC]:成語典
[AD]:洪葉活用成語辭典",22
9031,9032,瓜田李下,"[A]:彩圖典故辭典(精)
[B]:中國成語大辭典
[C]:經典成語
[D]:簡明實用成語辭典
[E]:成語辭典
[F]:小牛頓成語辭典(注音普及版)
[G(1)]:實用成語辭典
[H]:活用造句辭典(成語部分)
[I]:實用分類學生成語辭典(上)(下)
[J]:漢語成語考釋詞典
[K]:中國成語大辭典
[L]:小叮噹漫書成語小百科(1)~(10)
[M]:(小學生語文學習文庫)成語中的知識第一輯(一)~(四)加附錄
[N]:遠流活用成語辭典
[R]:新編兒童成語小百科(1)~(12)
[T]:成語辨正辭典
[V]:中國成語大辭典
[W]:成語大辭典(上)(下)
[X]:常用成語用法
[AC]:成語典
[AD]:洪葉活用成語辭典",21
9102,9103,甘拜下風,"[B]:中國成語大辭典
[C]:經典成語
[D]:簡明實用成語辭典
[E]:成語辭典
[F]:小牛頓成語辭典(注音普及版)
[G(1)]:實用成語辭典
[H]:活用造句辭典(成語部分)
[I]:實用分類學生成語辭典(上)(下)
[J]:漢語成語考釋詞典
[K]:中國成語大辭典
[N]:遠流活用成語辭典
[P(上)]:成語分類辭典(上)(下)
[P(下)]:成語分類辭典(上)(下)
[R]:新編兒童成語小百科(1)~(12)
[S]:活用成語分類辭典(上)(下)
[T]:成語辨正辭典
[U]:同義反義成語詞典
[V]:中國成語大辭典
[W]:成語大辭典(上)(下)
[AB]:漢英對照成語辭典
[AC]:成語典",21
9463,9464,目不識丁,"[B]:中國成語大辭典
[C]:經典成語
[D]:簡明實用成語辭典
[E]:成語辭典
[F]:小牛頓成語辭典(注音普及版)
[G(1)]:實用成語辭典
[H]:活用造句辭典(成語部分)
[I]:實用分類學生成語辭典(上)(下)
[J]:漢語成語考釋詞典
[K]:中國成語大辭典
[N]:遠流活用成語辭典
[O(下)]:讀成語寫作文(上)(下)
[Q]:繪圖成語故事三百篇(上)(中)(下)
[R]:新編兒童成語小百科(1)~(12)
[S]:活用成語分類辭典(上)(下)
[U]:同義反義成語詞典
[V]:中國成語大辭典
[W]:成語大辭典(上)(下)
[AA]:成語典故文選(上)(下)
[AB]:漢英對照成語辭典
[AC]:成語典
[AD]:洪葉活用成語辭典",22
9869,9870,先發制人,"[B]:中國成語大辭典
[C]:經典成語
[D]:簡明實用成語辭典
[E]:成語辭典
[F]:小牛頓成語辭典(注音普及版)
[G(1)]:實用成語辭典
[I]:實用分類學生成語辭典(上)(下)
[J]:漢語成語考釋詞典
[N]:遠流活用成語辭典
[P(下)]:成語分類辭典(上)(下)
[Q]:繪圖成語故事三百篇(上)(中)(下)
[R]:新編兒童成語小百科(1)~(12)
[T]:成語辨正辭典
[U]:同義反義成語詞典
[V]:中國成語大辭典
[W]:成語大辭典(上)(下)
[Y]:新編成語故事
[AA]:成語典故文選(上)(下)
[AB]:漢英對照成語辭典
[AC]:成語典
[AD]:洪葉活用成語辭典",21
10375,10376,名不虛傳,"[B]:中國成語大辭典
[C]:經典成語
[D]:簡明實用成語辭典
[E]:成語辭典
[G(1)]:實用成語辭典
[H]:活用造句辭典(成語部分)
[J]:漢語成語考釋詞典
[K]:中國成語大辭典
[L]:小叮噹漫書成語小百科(1)~(10)
[N]:遠流活用成語辭典
[P(下)]:成語分類辭典(上)(下)
[Q]:繪圖成語故事三百篇(上)(中)(下)
[R]:新編兒童成語小百科(1)~(12)
[T]:成語辨正辭典
[U]:同義反義成語詞典
[V]:中國成語大辭典
[W]:成語大辭典(上)(下)
[Z]:成語辨正辭典
[AB]:漢英對照成語辭典
[AC]:成語典
[AD]:洪葉活用成語辭典",21
10428,10429,名落孫山,"[B]:中國成語大辭典
[C]:經典成語
[D]:簡明實用成語辭典
[E]:成語辭典
[F]:小牛頓成語辭典(注音普及版)
[G(1)]:實用成語辭典
[H]:活用造句辭典(成語部分)
[I]:實用分類學生成語辭典(上)(下)
[J]:漢語成語考釋詞典
[K]:中國成語大辭典
[M]:(小學生語文學習文庫)成語中的知識第一輯(一)~(四)加附錄
[N]:遠流活用成語辭典
[P(上)]:成語分類辭典(上)(下)
[P(下)]:成語分類辭典(上)(下)
[Q]:繪圖成語故事三百篇(上)(中)(下)
[R]:新編兒童成語小百科(1)~(12)
[S]:活用成語分類辭典(上)(下)
[T]:成語辨正辭典
[U]:同義反義成語詞典
[V]:中國成語大辭典
[W]:成語大辭典(上)(下)
[X]:常用成語用法
[AA]:成語典故文選(上)(下)
[AB]:漢英對照成語辭典
[AC]:成語典
[AD]:洪葉活用成語辭典",26
10566,10567,因勢利導,"[B]:中國成語大辭典
[C]:經典成語
[D]:簡明實用成語辭典
[E]:成語辭典
[F]:小牛頓成語辭典(注音普及版)
[G(1)]:實用成語辭典
[H]:活用造句辭典(成語部分)
[I]:實用分類學生成語辭典(上)(下)
[J]:漢語成語考釋詞典
[K]:中國成語大辭典
[N]:遠流活用成語辭典
[O(上)]:讀成語寫作文(上)(下)
[P(上)]:成語分類辭典(上)(下)
[Q]:繪圖成語故事三百篇(上)(中)(下)
[R]:新編兒童成語小百科(1)~(12)
[U]:同義反義成語詞典
[V]:中國成語大辭典
[W]:成語大辭典(上)(下)
[AB]:漢英對照成語辭典
[AC]:成語典
[AD]:洪葉活用成語辭典",21
10573,10574,因噎廢食,"[B]:中國成語大辭典
[C]:經典成語
[D]:簡明實用成語辭典
[E]:成語辭典
[F]:小牛頓成語辭典(注音普及版)
[G(1)]:實用成語辭典
[H]:活用造句辭典(成語部分)
[I]:實用分類學生成語辭典(上)(下)
[J]:漢語成語考釋詞典
[K]:中國成語大辭典
[N]:遠流活用成語辭典
[P(上)]:成語分類辭典(上)(下)
[R]:新編兒童成語小百科(1)~(12)
[S]:活用成語分類辭典(上)(下)
[T]:成語辨正辭典
[V]:中國成語大辭典
[W]:成語大辭典(上)(下)
[Z]:成語辨正辭典
[AA]:成語典故文選(上)(下)
[AC]:成語典
[AD]:洪葉活用成語辭典",21
10913,10914,如火如荼,"[B]:中國成語大辭典
[C]:經典成語
[D]:簡明實用成語辭典
[E]:成語辭典
[F]:小牛頓成語辭典(注音普及版)
[G(1)]:實用成語辭典
[H]:活用造句辭典(成語部分)
[I]:實用分類學生成語辭典(上)(下)
[J]:漢語成語考釋詞典
[K]:中國成語大辭典
[N]:遠流活用成語辭典
[P(下)]:成語分類辭典(上)(下)
[Q]:繪圖成語故事三百篇(上)(中)(下)
[R]:新編兒童成語小百科(1)~(12)
[S]:活用成語分類辭典(上)(下)
[T]:成語辨正辭典
[V]:中國成語大辭典
[W]:成語大辭典(上)(下)
[X]:常用成語用法
[Y]:新編成語故事
[Z]:成語辨正辭典
[AA]:成語典故文選(上)(下)
[AB]:漢英對照成語辭典
[AC]:成語典
[AD]:洪葉活用成語辭典",25
10945,10946,如坐針氈,"[A]:彩圖典故辭典(精)
[B]:中國成語大辭典
[C]:經典成語
[D]:簡明實用成語辭典
[E]:成語辭典
[F]:小牛頓成語辭典(注音普及版)
[G(1)]:實用成語辭典
[H]:活用造句辭典(成語部分)
[I]:實用分類學生成語辭典(上)(下)
[K]:中國成語大辭典
[M]:(小學生語文學習文庫)成語中的知識第一輯(一)~(四)加附錄
[N]:遠流活用成語辭典
[O(上)]:讀成語寫作文(上)(下)
[P(上)]:成語分類辭典(上)(下)
[R]:新編兒童成語小百科(1)~(12)
[S]:活用成語分類辭典(上)(下)
[V]:中國成語大辭典
[W]:成語大辭典(上)(下)
[Y]:新編成語故事
[AA]:成語典故文選(上)(下)
[AB]:漢英對照成語辭典
[AC]:成語典
[AD]:洪葉活用成語辭典",23
10994,10995,如魚得水,"[B]:中國成語大辭典
[C]:經典成語
[D]:簡明實用成語辭典
[E]:成語辭典
[F]:小牛頓成語辭典(注音普及版)
[G(1)]:實用成語辭典
[H]:活用造句辭典(成語部分)
[I]:實用分類學生成語辭典(上)(下)
[J]:漢語成語考釋詞典
[K]:中國成語大辭典
[N]:遠流活用成語辭典
[P(上)]:成語分類辭典(上)(下)
[R]:新編兒童成語小百科(1)~(12)
[S]:活用成語分類辭典(上)(下)
[V]:中國成語大辭典
[W]:成語大辭典(上)(下)
[X]:常用成語用法
[Y]:新編成語故事
[AB]:漢英對照成語辭典
[AC]:成語典
[AD]:洪葉活用成語辭典",21
11096,11097,妄自尊大,"[B]:中國成語大辭典
[C]:經典成語
[D]:簡明實用成語辭典
[E]:成語辭典
[F]:小牛頓成語辭典(注音普及版)
[G(1)]:實用成語辭典
[H]:活用造句辭典(成語部分)
[I]:實用分類學生成語辭典(上)(下)
[J]:漢語成語考釋詞典
[K]:中國成語大辭典
[M]:(小學生語文學習文庫)成語中的知識第一輯(一)~(四)加附錄
[N]:遠流活用成語辭典
[P(上)]:成語分類辭典(上)(下)
[R]:新編兒童成語小百科(1)~(12)
[S]:活用成語分類辭典(上)(下)
[T]:成語辨正辭典
[U]:同義反義成語詞典
[V]:中國成語大辭典
[W]:成語大辭典(上)(下)
[AB]:漢英對照成語辭典
[AC]:成語典
[AD]:洪葉活用成語辭典",22
11162,11163,守株待兔,"[B]:中國成語大辭典
[C]:經典成語
[D]:簡明實用成語辭典
[E]:成語辭典
[F]:小牛頓成語辭典(注音普及版)
[G(1)]:實用成語辭典
[H]:活用造句辭典(成語部分)
[I]:實用分類學生成語辭典(上)(下)
[J]:漢語成語考釋詞典
[K]:中國成語大辭典
[M]:(小學生語文學習文庫)成語中的知識第一輯(一)~(四)加附錄
[N]:遠流活用成語辭典
[O(上)]:讀成語寫作文(上)(下)
[P(下)]:成語分類辭典(上)(下)
[Q]:繪圖成語故事三百篇(上)(中)(下)
[R]:新編兒童成語小百科(1)~(12)
[S]:活用成語分類辭典(上)(下)
[T]:成語辨正辭典
[V]:中國成語大辭典
[W]:成語大辭典(上)(下)
[X]:常用成語用法
[Z]:成語辨正辭典
[AA]:成語典故文選(上)(下)
[AC]:成語典",24
11441,11442,曲突徙薪,"[A]:彩圖典故辭典(精)
[B]:中國成語大辭典
[C]:經典成語
[D]:簡明實用成語辭典
[F]:小牛頓成語辭典(注音普及版)
[G(1)]:實用成語辭典
[J]:漢語成語考釋詞典
[K]:中國成語大辭典
[M]:(小學生語文學習文庫)成語中的知識第一輯(一)~(四)加附錄
[N]:遠流活用成語辭典
[R]:新編兒童成語小百科(1)~(12)
[S]:活用成語分類辭典(上)(下)
[T]:成語辨正辭典
[U]:同義反義成語詞典
[V]:中國成語大辭典
[W]:成語大辭典(上)(下)
[Z]:成語辨正辭典
[AA]:成語典故文選(上)(下)
[AB]:漢英對照成語辭典
[AC]:成語典
[AD]:洪葉活用成語辭典",21
11637,11638,有備無患,"[B]:中國成語大辭典
[C]:經典成語
[D]:簡明實用成語辭典
[E]:成語辭典
[F]:小牛頓成語辭典(注音普及版)
[G(2)]:實用成語辭典
[J]:漢語成語考釋詞典
[K]:中國成語大辭典
[M]:(小學生語文學習文庫)成語中的知識第一輯(一)~(四)加附錄
[N]:遠流活用成語辭典
[O(上)]:讀成語寫作文(上)(下)
[P(上)]:成語分類辭典(上)(下)
[Q]:繪圖成語故事三百篇(上)(中)(下)
[R]:新編兒童成語小百科(1)~(12)
[U]:同義反義成語詞典
[V]:中國成語大辭典
[W]:成語大辭典(上)(下)
[X]:常用成語用法
[Y]:新編成語故事
[AB]:漢英對照成語辭典
[AC]:成語典",21
11810,11811,死灰復燃,"[A]:彩圖典故辭典(精)
[B]:中國成語大辭典
[C]:經典成語
[D]:簡明實用成語辭典
[E]:成語辭典
[F]:小牛頓成語辭典(注音普及版)
[G(1)]:實用成語辭典
[H]:活用造句辭典(成語部分)
[I]:實用分類學生成語辭典(上)(下)
[J]:漢語成語考釋詞典
[L]:小叮噹漫書成語小百科(1)~(10)
[N]:遠流活用成語辭典
[P(下)]:成語分類辭典(上)(下)
[Q]:繪圖成語故事三百篇(上)(中)(下)
[R]:新編兒童成語小百科(1)~(12)
[T]:成語辨正辭典
[U]:同義反義成語詞典
[V]:中國成語大辭典
[W]:成語大辭典(上)(下)
[X]:常用成語用法
[AA]:成語典故文選(上)(下)
[AC]:成語典
[AD]:洪葉活用成語辭典",23
11984,11985,江郎才盡,"[A]:彩圖典故辭典(精)
[B]:中國成語大辭典
[C]:經典成語
[D]:簡明實用成語辭典
[F]:小牛頓成語辭典(注音普及版)
[G(1)]:實用成語辭典
[H]:活用造句辭典(成語部分)
[I]:實用分類學生成語辭典(上)(下)
[K]:中國成語大辭典
[L]:小叮噹漫書成語小百科(1)~(10)
[M]:(小學生語文學習文庫)成語中的知識第一輯(一)~(四)加附錄
[N]:遠流活用成語辭典
[O(下)]:讀成語寫作文(上)(下)
[Q]:繪圖成語故事三百篇(上)(中)(下)
[R]:新編兒童成語小百科(1)~(12)
[S]:活用成語分類辭典(上)(下)
[T]:成語辨正辭典
[U]:同義反義成語詞典
[V]:中國成語大辭典
[W]:成語大辭典(上)(下)
[X]:常用成語用法
[Z]:成語辨正辭典
[AA]:成語典故文選(上)(下)
[AB]:漢英對照成語辭典
[AC]:成語典
[AD]:洪葉活用成語辭典",26
12094,12095,百折不撓,"[B]:中國成語大辭典
[D]:簡明實用成語辭典
[E]:成語辭典
[F]:小牛頓成語辭典(注音普及版)
[G(1)]:實用成語辭典
[H]:活用造句辭典(成語部分)
[I]:實用分類學生成語辭典(上)(下)
[J]:漢語成語考釋詞典
[K]:中國成語大辭典
[N]:遠流活用成語辭典
[P(上)]:成語分類辭典(上)(下)
[P(下)]:成語分類辭典(上)(下)
[Q]:繪圖成語故事三百篇(上)(中)(下)
[S]:活用成語分類辭典(上)(下)
[T]:成語辨正辭典
[U]:同義反義成語詞典
[V]:中國成語大辭典
[W]:成語大辭典(上)(下)
[Z]:成語辨正辭典
[AB]:漢英對照成語辭典
[AC]:成語典
[AD]:洪葉活用成語辭典",22
12393,12394,老馬識途,"[B]:中國成語大辭典
[C]:經典成語
[D]:簡明實用成語辭典
[E]:成語辭典
[F]:小牛頓成語辭典(注音普及版)
[G(1)]:實用成語辭典
[H]:活用造句辭典(成語部分)
[I]:實用分類學生成語辭典(上)(下)
[J]:漢語成語考釋詞典
[K]:中國成語大辭典
[M]:(小學生語文學習文庫)成語中的知識第一輯(一)~(四)加附錄
[N]:遠流活用成語辭典
[O(下)]:讀成語寫作文(上)(下)
[P(下)]:成語分類辭典(上)(下)
[R]:新編兒童成語小百科(1)~(12)
[S]:活用成語分類辭典(上)(下)
[T]:成語辨正辭典
[U]:同義反義成語詞典
[V]:中國成語大辭典
[W]:成語大辭典(上)(下)
[X]:常用成語用法
[AA]:成語典故文選(上)(下)
[AB]:漢英對照成語辭典
[AC]:成語典
[AD]:洪葉活用成語辭典",25
12401,12402,老當益壯,"[B]:中國成語大辭典
[C]:經典成語
[D]:簡明實用成語辭典
[E]:成語辭典
[F]:小牛頓成語辭典(注音普及版)
[G(1)]:實用成語辭典
[H]:活用造句辭典(成語部分)
[I]:實用分類學生成語辭典(上)(下)
[J]:漢語成語考釋詞典
[K]:中國成語大辭典
[M]:(小學生語文學習文庫)成語中的知識第一輯(一)~(四)加附錄
[N]:遠流活用成語辭典
[P(上)]:成語分類辭典(上)(下)
[Q]:繪圖成語故事三百篇(上)(中)(下)
[R]:新編兒童成語小百科(1)~(12)
[S]:活用成語分類辭典(上)(下)
[U]:同義反義成語詞典
[V]:中國成語大辭典
[W]:成語大辭典(上)(下)
[X]:常用成語用法
[AB]:漢英對照成語辭典
[AC]:成語典",22
12478,12479,耳濡目染,"[B]:中國成語大辭典
[C]:經典成語
[D]:簡明實用成語辭典
[E]:成語辭典
[F]:小牛頓成語辭典(注音普及版)
[G(1)]:實用成語辭典
[H]:活用造句辭典(成語部分)
[J]:漢語成語考釋詞典
[K]:中國成語大辭典
[N]:遠流活用成語辭典
[P(上)]:成語分類辭典(上)(下)
[P(下)]:成語分類辭典(上)(下)
[R]:新編兒童成語小百科(1)~(12)
[S]:活用成語分類辭典(上)(下)
[T]:成語辨正辭典
[U]:同義反義成語詞典
[V]:中國成語大辭典
[W]:成語大辭典(上)(下)
[Z]:成語辨正辭典
[AB]:漢英對照成語辭典
[AC]:成語典
[AD]:洪葉活用成語辭典",22
12615,12616,自相矛盾,"[B]:中國成語大辭典
[C]:經典成語
[D]:簡明實用成語辭典
[E]:成語辭典
[G(1)]:實用成語辭典
[H]:活用造句辭典(成語部分)
[I]:實用分類學生成語辭典(上)(下)
[J]:漢語成語考釋詞典
[K]:中國成語大辭典
[L]:小叮噹漫書成語小百科(1)~(10)
[M]:(小學生語文學習文庫)成語中的知識第一輯(一)~(四)加附錄
[N]:遠流活用成語辭典
[P(下)]:成語分類辭典(上)(下)
[Q]:繪圖成語故事三百篇(上)(中)(下)
[R]:新編兒童成語小百科(1)~(12)
[T]:成語辨正辭典
[U]:同義反義成語詞典
[V]:中國成語大辭典
[W]:成語大辭典(上)(下)
[X]:常用成語用法
[AA]:成語典故文選(上)(下)
[AD]:洪葉活用成語辭典",22
12821,12822,虎頭蛇尾,"[B]:中國成語大辭典
[C]:經典成語
[D]:簡明實用成語辭典
[E]:成語辭典
[F]:小牛頓成語辭典(注音普及版)
[G(1)]:實用成語辭典
[H]:活用造句辭典(成語部分)
[J]:漢語成語考釋詞典
[K]:中國成語大辭典
[M]:(小學生語文學習文庫)成語中的知識第一輯(一)~(四)加附錄
[N]:遠流活用成語辭典
[P(下)]:成語分類辭典(上)(下)
[R]:新編兒童成語小百科(1)~(12)
[S]:活用成語分類辭典(上)(下)
[T]:成語辨正辭典
[U]:同義反義成語詞典
[V]:中國成語大辭典
[W]:成語大辭典(上)(下)
[Z]:成語辨正辭典
[AB]:漢英對照成語辭典
[AC]:成語典",21
13259,13260,作法自斃,"[A]:彩圖典故辭典(精)
[B]:中國成語大辭典
[C]:經典成語
[D]:簡明實用成語辭典
[E]:成語辭典
[F]:小牛頓成語辭典(注音普及版)
[G(1)]:實用成語辭典
[I]:實用分類學生成語辭典(上)(下)
[J]:漢語成語考釋詞典
[K]:中國成語大辭典
[L]:小叮噹漫書成語小百科(1)~(10)
[M]:(小學生語文學習文庫)成語中的知識第一輯(一)~(四)加附錄
[N]:遠流活用成語辭典
[R]:新編兒童成語小百科(1)~(12)
[S]:活用成語分類辭典(上)(下)
[U]:同義反義成語詞典
[V]:中國成語大辭典
[W]:成語大辭典(上)(下)
[X]:常用成語用法
[Y]:新編成語故事
[Z]:成語辨正辭典
[AA]:成語典故文選(上)(下)
[AB]:漢英對照成語辭典
[AC]:成語典
[AD]:洪葉活用成語辭典",25
13270,13271,作威作福,"[B]:中國成語大辭典
[C]:經典成語
[D]:簡明實用成語辭典
[E]:成語辭典
[F]:小牛頓成語辭典(注音普及版)
[G(1)]:實用成語辭典
[H]:活用造句辭典(成語部分)
[I]:實用分類學生成語辭典(上)(下)
[J]:漢語成語考釋詞典
[K]:中國成語大辭典
[N]:遠流活用成語辭典
[O(下)]:讀成語寫作文(上)(下)
[P(上)]:成語分類辭典(上)(下)
[R]:新編兒童成語小百科(1)~(12)
[S]:活用成語分類辭典(上)(下)
[V]:中國成語大辭典
[W]:成語大辭典(上)(下)
[Z]:成語辨正辭典
[AA]:成語典故文選(上)(下)
[AB]:漢英對照成語辭典
[AC]:成語典",21
13648,13649,含沙射影,"[B]:中國成語大辭典
[C]:經典成語
[D]:簡明實用成語辭典
[E]:成語辭典
[F]:小牛頓成語辭典(注音普及版)
[G(1)]:實用成語辭典
[H]:活用造句辭典(成語部分)
[I]:實用分類學生成語辭典(上)(下)
[J]:漢語成語考釋詞典
[K]:中國成語大辭典
[N]:遠流活用成語辭典
[P(上)]:成語分類辭典(上)(下)
[P(下)]:成語分類辭典(上)(下)
[Q]:繪圖成語故事三百篇(上)(中)(下)
[R]:新編兒童成語小百科(1)~(12)
[S]:活用成語分類辭典(上)(下)
[T]:成語辨正辭典
[U]:同義反義成語詞典
[V]:中國成語大辭典
[W]:成語大辭典(上)(下)
[X]:常用成語用法
[Z]:成語辨正辭典
[AA]:成語典故文選(上)(下)
[AC]:成語典
[AD]:洪葉活用成語辭典",25
13708,13709,吳牛喘月,"[A]:彩圖典故辭典(精)
[B]:中國成語大辭典
[C]:經典成語
[D]:簡明實用成語辭典
[E]:成語辭典
[G(1)]:實用成語辭典
[I]:實用分類學生成語辭典(上)(下)
[J]:漢語成語考釋詞典
[K]:中國成語大辭典
[M]:(小學生語文學習文庫)成語中的知識第一輯(一)~(四)加附錄
[N]:遠流活用成語辭典
[O(上)]:讀成語寫作文(上)(下)
[Q]:繪圖成語故事三百篇(上)(中)(下)
[R]:新編兒童成語小百科(1)~(12)
[S]:活用成語分類辭典(上)(下)
[T]:成語辨正辭典
[W]:成語大辭典(上)(下)
[AA]:成語典故文選(上)(下)
[AB]:漢英對照成語辭典
[AC]:成語典
[AD]:洪葉活用成語辭典",21
13723,13724,吹毛求疵,"[B]:中國成語大辭典
[C]:經典成語
[D]:簡明實用成語辭典
[E]:成語辭典
[F]:小牛頓成語辭典(注音普及版)
[G(1)]:實用成語辭典
[H]:活用造句辭典(成語部分)
[I]:實用分類學生成語辭典(上)(下)
[J]:漢語成語考釋詞典
[K]:中國成語大辭典
[M]:(小學生語文學習文庫)成語中的知識第一輯(一)~(四)加附錄
[N]:遠流活用成語辭典
[O(下)]:讀成語寫作文(上)(下)
[P(上)]:成語分類辭典(上)(下)
[R]:新編兒童成語小百科(1)~(12)
[S]:活用成語分類辭典(上)(下)
[U]:同義反義成語詞典
[V]:中國成語大辭典
[W]:成語大辭典(上)(下)
[Z]:成語辨正辭典
[AB]:漢英對照成語辭典
[AC]:成語典
[AD]:洪葉活用成語辭典",23
13790,13791,囫圇吞棗,"[B]:中國成語大辭典
[C]:經典成語
[D]:簡明實用成語辭典
[E]:成語辭典
[F]:小牛頓成語辭典(注音普及版)
[G(1)]:實用成語辭典
[H]:活用造句辭典(成語部分)
[I]:實用分類學生成語辭典(上)(下)
[J]:漢語成語考釋詞典
[K]:中國成語大辭典
[M]:(小學生語文學習文庫)成語中的知識第一輯(一)~(四)加附錄
[N]:遠流活用成語辭典
[O(上)]:讀成語寫作文(上)(下)
[P(上)]:成語分類辭典(上)(下)
[Q]:繪圖成語故事三百篇(上)(中)(下)
[R]:新編兒童成語小百科(1)~(12)
[S]:活用成語分類辭典(上)(下)
[T]:成語辨正辭典
[U]:同義反義成語詞典
[V]:中國成語大辭典
[W]:成語大辭典(上)(下)
[X]:常用成語用法
[Z]:成語辨正辭典
[AA]:成語典故文選(上)(下)
[AB]:漢英對照成語辭典
[AC]:成語典
[AD]:洪葉活用成語辭典",27
13827,13828,坐井觀天,"[B]:中國成語大辭典
[C]:經典成語
[D]:簡明實用成語辭典
[E]:成語辭典
[F]:小牛頓成語辭典(注音普及版)
[G(1)]:實用成語辭典
[H]:活用造句辭典(成語部分)
[I]:實用分類學生成語辭典(上)(下)
[J]:漢語成語考釋詞典
[K]:中國成語大辭典
[M]:(小學生語文學習文庫)成語中的知識第一輯(一)~(四)加附錄
[N]:遠流活用成語辭典
[O(下)]:讀成語寫作文(上)(下)
[P(上)]:成語分類辭典(上)(下)
[Q]:繪圖成語故事三百篇(上)(中)(下)
[R]:新編兒童成語小百科(1)~(12)
[S]:活用成語分類辭典(上)(下)
[T]:成語辨正辭典
[U]:同義反義成語詞典
[V]:中國成語大辭典
[W]:成語大辭典(上)(下)
[AA]:成語典故文選(上)(下)
[AC]:成語典",23
14066,14067,弄巧成拙,"[B]:中國成語大辭典
[C]:經典成語
[D]:簡明實用成語辭典
[E]:成語辭典
[F]:小牛頓成語辭典(注音普及版)
[G(2)]:實用成語辭典
[H]:活用造句辭典(成語部分)
[I]:實用分類學生成語辭典(上)(下)
[J]:漢語成語考釋詞典
[K]:中國成語大辭典
[L]:小叮噹漫書成語小百科(1)~(10)
[N]:遠流活用成語辭典
[Q]:繪圖成語故事三百篇(上)(中)(下)
[R]:新編兒童成語小百科(1)~(12)
[S]:活用成語分類辭典(上)(下)
[T]:成語辨正辭典
[U]:同義反義成語詞典
[V]:中國成語大辭典
[W]:成語大辭典(上)(下)
[AB]:漢英對照成語辭典
[AC]:成語典",21
14199,14200,忍辱負重,"[B]:中國成語大辭典
[C]:經典成語
[D]:簡明實用成語辭典
[E]:成語辭典
[F]:小牛頓成語辭典(注音普及版)
[G(1)]:實用成語辭典
[H]:活用造句辭典(成語部分)
[I]:實用分類學生成語辭典(上)(下)
[J]:漢語成語考釋詞典
[K]:中國成語大辭典
[N]:遠流活用成語辭典
[O(下)]:讀成語寫作文(上)(下)
[R]:新編兒童成語小百科(1)~(12)
[S]:活用成語分類辭典(上)(下)
[T]:成語辨正辭典
[U]:同義反義成語詞典
[V]:中國成語大辭典
[W]:成語大辭典(上)(下)
[AA]:成語典故文選(上)(下)
[AB]:漢英對照成語辭典
[AC]:成語典",21
15163,15164,扶搖直上,"[A]:彩圖典故辭典(精)
[B]:中國成語大辭典
[C]:經典成語
[D]:簡明實用成語辭典
[E]:成語辭典
[F]:小牛頓成語辭典(注音普及版)
[G(2)]:實用成語辭典
[H]:活用造句辭典(成語部分)
[I]:實用分類學生成語辭典(上)(下)
[J]:漢語成語考釋詞典
[K]:中國成語大辭典
[N]:遠流活用成語辭典
[P(下)]:成語分類辭典(上)(下)
[R]:新編兒童成語小百科(1)~(12)
[S]:活用成語分類辭典(上)(下)
[U]:同義反義成語詞典
[V]:中國成語大辭典
[W]:成語大辭典(上)(下)
[Z]:成語辨正辭典
[AA]:成語典故文選(上)(下)
[AB]:漢英對照成語辭典
[AC]:成語典",22
15278,15279,投筆從戎,"[B]:中國成語大辭典
[C]:經典成語
[D]:簡明實用成語辭典
[E]:成語辭典
[F]:小牛頓成語辭典(注音普及版)
[G(1)]:實用成語辭典
[H]:活用造句辭典(成語部分)
[I]:實用分類學生成語辭典(上)(下)
[J]:漢語成語考釋詞典
[K]:中國成語大辭典
[L]:小叮噹漫書成語小百科(1)~(10)
[M]:(小學生語文學習文庫)成語中的知識第一輯(一)~(四)加附錄
[N]:遠流活用成語辭典
[P(上)]:成語分類辭典(上)(下)
[Q]:繪圖成語故事三百篇(上)(中)(下)
[R]:新編兒童成語小百科(1)~(12)
[S]:活用成語分類辭典(上)(下)
[T]:成語辨正辭典
[V]:中國成語大辭典
[W]:成語大辭典(上)(下)
[X]:常用成語用法
[Y]:新編成語故事
[AA]:成語典故文選(上)(下)
[AC]:成語典
[AD]:洪葉活用成語辭典",25
15287,15288,投鼠忌器,"[B]:中國成語大辭典
[C]:經典成語
[D]:簡明實用成語辭典
[E]:成語辭典
[F]:小牛頓成語辭典(注音普及版)
[G(1)]:實用成語辭典
[H]:活用造句辭典(成語部分)
[I]:實用分類學生成語辭典(上)(下)
[J]:漢語成語考釋詞典
[K]:中國成語大辭典
[L]:小叮噹漫書成語小百科(1)~(10)
[N]:遠流活用成語辭典
[Q]:繪圖成語故事三百篇(上)(中)(下)
[R]:新編兒童成語小百科(1)~(12)
[S]:活用成語分類辭典(上)(下)
[T]:成語辨正辭典
[U]:同義反義成語詞典
[V]:中國成語大辭典
[W]:成語大辭典(上)(下)
[AA]:成語典故文選(上)(下)
[AB]:漢英對照成語辭典
[AC]:成語典
[AD]:洪葉活用成語辭典",23
15546,15547,杞人憂天,"[B]:中國成語大辭典
[C]:經典成語
[D]:簡明實用成語辭典
[E]:成語辭典
[F]:小牛頓成語辭典(注音普及版)
[G(1)]:實用成語辭典
[H]:活用造句辭典(成語部分)
[I]:實用分類學生成語辭典(上)(下)
[J]:漢語成語考釋詞典
[K]:中國成語大辭典
[L]:小叮噹漫書成語小百科(1)~(10)
[M]:(小學生語文學習文庫)成語中的知識第一輯(一)~(四)加附錄
[N]:遠流活用成語辭典
[O(上)]:讀成語寫作文(上)(下)
[P(下)]:成語分類辭典(上)(下)
[Q]:繪圖成語故事三百篇(上)(中)(下)
[R]:新編兒童成語小百科(1)~(12)
[S]:活用成語分類辭典(上)(下)
[U]:同義反義成語詞典
[V]:中國成語大辭典
[W]:成語大辭典(上)(下)
[X]:常用成語用法
[Z]:成語辨正辭典
[AA]:成語典故文選(上)(下)
[AB]:漢英對照成語辭典
[AC]:成語典
[AD]:洪葉活用成語辭典",27
15553,15554,束之高閣,"[B]:中國成語大辭典
[C]:經典成語
[D]:簡明實用成語辭典
[E]:成語辭典
[F]:小牛頓成語辭典(注音普及版)
[G(1)]:實用成語辭典
[I]:實用分類學生成語辭典(上)(下)
[J]:漢語成語考釋詞典
[K]:中國成語大辭典
[N]:遠流活用成語辭典
[P(上)]:成語分類辭典(上)(下)
[Q]:繪圖成語故事三百篇(上)(中)(下)
[R]:新編兒童成語小百科(1)~(12)
[T]:成語辨正辭典
[U]:同義反義成語詞典
[V]:中國成語大辭典
[W]:成語大辭典(上)(下)
[AA]:成語典故文選(上)(下)
[AB]:漢英對照成語辭典
[AC]:成語典
[AD]:洪葉活用成語辭典",21
16078,16079,見異思遷,"[B]:中國成語大辭典
[C]:經典成語
[D]:簡明實用成語辭典
[E]:成語辭典
[G(1)]:實用成語辭典
[H]:活用造句辭典(成語部分)
[I]:實用分類學生成語辭典(上)(下)
[J]:漢語成語考釋詞典
[K]:中國成語大辭典
[N]:遠流活用成語辭典
[O(上)]:讀成語寫作文(上)(下)
[P(上)]:成語分類辭典(上)(下)
[R]:新編兒童成語小百科(1)~(12)
[S]:活用成語分類辭典(上)(下)
[T]:成語辨正辭典
[U]:同義反義成語詞典
[V]:中國成語大辭典
[W]:成語大辭典(上)(下)
[AA]:成語典故文選(上)(下)
[AB]:漢英對照成語辭典
[AC]:成語典",21
16127,16128,言不由衷,"[B]:中國成語大辭典
[C]:經典成語
[D]:簡明實用成語辭典
[E]:成語辭典
[F]:小牛頓成語辭典(注音普及版)
[G(1)]:實用成語辭典
[H]:活用造句辭典(成語部分)
[J]:漢語成語考釋詞典
[K]:中國成語大辭典
[N]:遠流活用成語辭典
[O(下)]:讀成語寫作文(上)(下)
[P(上)]:成語分類辭典(上)(下)
[P(下)]:成語分類辭典(上)(下)
[Q]:繪圖成語故事三百篇(上)(中)(下)
[R]:新編兒童成語小百科(1)~(12)
[T]:成語辨正辭典
[U]:同義反義成語詞典
[V]:中國成語大辭典
[W]:成語大辭典(上)(下)
[AB]:漢英對照成語辭典
[AC]:成語典
[AD]:洪葉活用成語辭典",22
16322,16323,走馬看花,"[B]:中國成語大辭典
[C]:經典成語
[D]:簡明實用成語辭典
[E]:成語辭典
[F]:小牛頓成語辭典(注音普及版)
[G(1)]:實用成語辭典
[H]:活用造句辭典(成語部分)
[I]:實用分類學生成語辭典(上)(下)
[J]:漢語成語考釋詞典
[K]:中國成語大辭典
[N]:遠流活用成語辭典
[O(上)]:讀成語寫作文(上)(下)
[P(上)]:成語分類辭典(上)(下)
[Q]:繪圖成語故事三百篇(上)(中)(下)
[R]:新編兒童成語小百科(1)~(12)
[S]:活用成語分類辭典(上)(下)
[T]:成語辨正辭典
[U]:同義反義成語詞典
[V]:中國成語大辭典
[W]:成語大辭典(上)(下)
[Y]:新編成語故事
[AB]:漢英對照成語辭典
[AC]:成語典
[AD]:洪葉活用成語辭典",24
16448,16449,車水馬龍,"[B]:中國成語大辭典
[C]:經典成語
[D]:簡明實用成語辭典
[E]:成語辭典
[F]:小牛頓成語辭典(注音普及版)
[G(1)]:實用成語辭典
[H]:活用造句辭典(成語部分)
[I]:實用分類學生成語辭典(上)(下)
[J]:漢語成語考釋詞典
[K]:中國成語大辭典
[M]:(小學生語文學習文庫)成語中的知識第一輯(一)~(四)加附錄
[N]:遠流活用成語辭典
[P(下)]:成語分類辭典(上)(下)
[Q]:繪圖成語故事三百篇(上)(中)(下)
[R]:新編兒童成語小百科(1)~(12)
[S]:活用成語分類辭典(上)(下)
[U]:同義反義成語詞典
[V]:中國成語大辭典
[W]:成語大辭典(上)(下)
[X]:常用成語用法
[AC]:成語典
[AD]:洪葉活用成語辭典",22
16464,16465,車載斗量,"[B]:中國成語大辭典
[C]:經典成語
[D]:簡明實用成語辭典
[E]:成語辭典
[F]:小牛頓成語辭典(注音普及版)
[G(1)]:實用成語辭典
[H]:活用造句辭典(成語部分)
[I]:實用分類學生成語辭典(上)(下)
[J]:漢語成語考釋詞典
[K]:中國成語大辭典
[N]:遠流活用成語辭典
[P(下)]:成語分類辭典(上)(下)
[R]:新編兒童成語小百科(1)~(12)
[S]:活用成語分類辭典(上)(下)
[T]:成語辨正辭典
[U]:同義反義成語詞典
[V]:中國成語大辭典
[W]:成語大辭典(上)(下)
[Y]:新編成語故事
[AA]:成語典故文選(上)(下)
[AC]:成語典
[AD]:洪葉活用成語辭典",22
16798,16799,兔死狗烹,"[B]:中國成語大辭典
[C]:經典成語
[D]:簡明實用成語辭典
[E]:成語辭典
[G(1)]:實用成語辭典
[H]:活用造句辭典(成語部分)
[I]:實用分類學生成語辭典(上)(下)
[J]:漢語成語考釋詞典
[K]:中國成語大辭典
[M]:(小學生語文學習文庫)成語中的知識第一輯(一)~(四)加附錄
[N]:遠流活用成語辭典
[O(下)]:讀成語寫作文(上)(下)
[R]:新編兒童成語小百科(1)~(12)
[S]:活用成語分類辭典(上)(下)
[T]:成語辨正辭典
[U]:同義反義成語詞典
[W]:成語大辭典(上)(下)
[X]:常用成語用法
[Z]:成語辨正辭典
[AC]:成語典
[AD]:洪葉活用成語辭典",21
16872,16873,兩袖清風,"[B]:中國成語大辭典
[C]:經典成語
[D]:簡明實用成語辭典
[E]:成語辭典
[F]:小牛頓成語辭典(注音普及版)
[G(1)]:實用成語辭典
[H]:活用造句辭典(成語部分)
[J]:漢語成語考釋詞典
[K]:中國成語大辭典
[N]:遠流活用成語辭典
[P(上)]:成語分類辭典(上)(下)
[Q]:繪圖成語故事三百篇(上)(中)(下)
[R]:新編兒童成語小百科(1)~(12)
[S]:活用成語分類辭典(上)(下)
[U]:同義反義成語詞典
[V]:中國成語大辭典
[W]:成語大辭典(上)(下)
[AA]:成語典故文選(上)(下)
[AB]:漢英對照成語辭典
[AC]:成語典
[AD]:洪葉活用成語辭典",21
16978,16979,刻舟求劍,"[B]:中國成語大辭典
[C]:經典成語
[D]:簡明實用成語辭典
[E]:成語辭典
[F]:小牛頓成語辭典(注音普及版)
[G(1)]:實用成語辭典
[H]:活用造句辭典(成語部分)
[I]:實用分類學生成語辭典(上)(下)
[K]:中國成語大辭典
[L]:小叮噹漫書成語小百科(1)~(10)
[M]:(小學生語文學習文庫)成語中的知識第一輯(一)~(四)加附錄
[N]:遠流活用成語辭典
[P(下)]:成語分類辭典(上)(下)
[Q]:繪圖成語故事三百篇(上)(中)(下)
[R]:新編兒童成語小百科(1)~(12)
[S]:活用成語分類辭典(上)(下)
[T]:成語辨正辭典
[U]:同義反義成語詞典
[V]:中國成語大辭典
[W]:成語大辭典(上)(下)
[X]:常用成語用法
[AA]:成語典故文選(上)(下)
[AC]:成語典
[AD]:洪葉活用成語辭典",24
17206,17207,咄咄逼人,"[A]:彩圖典故辭典(精)
[B]:中國成語大辭典
[C]:經典成語
[D]:簡明實用成語辭典
[E]:成語辭典
[F]:小牛頓成語辭典(注音普及版)
[G(1)]:實用成語辭典
[H]:活用造句辭典(成語部分)
[I]:實用分類學生成語辭典(上)(下)
[J]:漢語成語考釋詞典
[K]:中國成語大辭典
[M]:(小學生語文學習文庫)成語中的知識第一輯(一)~(四)加附錄
[N]:遠流活用成語辭典
[P(上)]:成語分類辭典(上)(下)
[R]:新編兒童成語小百科(1)~(12)
[S]:活用成語分類辭典(上)(下)
[T]:成語辨正辭典
[U]:同義反義成語詞典
[V]:中國成語大辭典
[W]:成語大辭典(上)(下)
[Z]:成語辨正辭典
[AB]:漢英對照成語辭典
[AC]:成語典",23
17334,17335,夜郎自大,"[B]:中國成語大辭典
[C]:經典成語
[D]:簡明實用成語辭典
[E]:成語辭典
[F]:小牛頓成語辭典(注音普及版)
[G(1)]:實用成語辭典
[H]:活用造句辭典(成語部分)
[I]:實用分類學生成語辭典(上)(下)
[J]:漢語成語考釋詞典
[K]:中國成語大辭典
[M]:(小學生語文學習文庫)成語中的知識第一輯(一)~(四)加附錄
[N]:遠流活用成語辭典
[O(下)]:讀成語寫作文(上)(下)
[P(上)]:成語分類辭典(上)(下)
[Q]:繪圖成語故事三百篇(上)(中)(下)
[R]:新編兒童成語小百科(1)~(12)
[S]:活用成語分類辭典(上)(下)
[T]:成語辨正辭典
[U]:同義反義成語詞典
[V]:中國成語大辭典
[W]:成語大辭典(上)(下)
[AA]:成語典故文選(上)(下)
[AB]:漢英對照成語辭典
[AC]:成語典
[AD]:洪葉活用成語辭典",25
17377,17378,奇貨可居,"[B]:中國成語大辭典
[C]:經典成語
[D]:簡明實用成語辭典
[E]:成語辭典
[F]:小牛頓成語辭典(注音普及版)
[G(1)]:實用成語辭典
[I]:實用分類學生成語辭典(上)(下)
[J]:漢語成語考釋詞典
[K]:中國成語大辭典
[L]:小叮噹漫書成語小百科(1)~(10)
[M]:(小學生語文學習文庫)成語中的知識第一輯(一)~(四)加附錄
[N]:遠流活用成語辭典
[Q]:繪圖成語故事三百篇(上)(中)(下)
[R]:新編兒童成語小百科(1)~(12)
[S]:活用成語分類辭典(上)(下)
[T]:成語辨正辭典
[U]:同義反義成語詞典
[V]:中國成語大辭典
[W]:成語大辭典(上)(下)
[X]:常用成語用法
[Z]:成語辨正辭典
[AA]:成語典故文選(上)(下)
[AC]:成語典
[AD]:洪葉活用成語辭典",24
17541,17542,孤注一擲,"[B]:中國成語大辭典
[C]:經典成語
[D]:簡明實用成語辭典
[E]:成語辭典
[F]:小牛頓成語辭典(注音普及版)
[G(1)]:實用成語辭典
[I]:實用分類學生成語辭典(上)(下)
[J]:漢語成語考釋詞典
[K]:中國成語大辭典
[N]:遠流活用成語辭典
[P(下)]:成語分類辭典(上)(下)
[R]:新編兒童成語小百科(1)~(12)
[S]:活用成語分類辭典(上)(下)
[T]:成語辨正辭典
[V]:中國成語大辭典
[W]:成語大辭典(上)(下)
[X]:常用成語用法
[Y]:新編成語故事
[Z]:成語辨正辭典
[AA]:成語典故文選(上)(下)
[AB]:漢英對照成語辭典
[AC]:成語典
[AD]:洪葉活用成語辭典",23
17547,17548,孤陋寡聞,"[B]:中國成語大辭典
[C]:經典成語
[D]:簡明實用成語辭典
[E]:成語辭典
[F]:小牛頓成語辭典(注音普及版)
[G(1)]:實用成語辭典
[H]:活用造句辭典(成語部分)
[I]:實用分類學生成語辭典(上)(下)
[J]:漢語成語考釋詞典
[K]:中國成語大辭典
[N]:遠流活用成語辭典
[O(下)]:讀成語寫作文(上)(下)
[P(上)]:成語分類辭典(上)(下)
[P(下)]:成語分類辭典(上)(下)
[R]:新編兒童成語小百科(1)~(12)
[S]:活用成語分類辭典(上)(下)
[T]:成語辨正辭典
[U]:同義反義成語詞典
[V]:中國成語大辭典
[W]:成語大辭典(上)(下)
[AB]:漢英對照成語辭典
[AC]:成語典",22
17563,17564,孤掌難鳴,"[B]:中國成語大辭典
[C]:經典成語
[D]:簡明實用成語辭典
[E]:成語辭典
[F]:小牛頓成語辭典(注音普及版)
[G(1)]:實用成語辭典
[H]:活用造句辭典(成語部分)
[I]:實用分類學生成語辭典(上)(下)
[J]:漢語成語考釋詞典
[K]:中國成語大辭典
[M]:(小學生語文學習文庫)成語中的知識第一輯(一)~(四)加附錄
[N]:遠流活用成語辭典
[O(上)]:讀成語寫作文(上)(下)
[P(上)]:成語分類辭典(上)(下)
[R]:新編兒童成語小百科(1)~(12)
[S]:活用成語分類辭典(上)(下)
[T]:成語辨正辭典
[U]:同義反義成語詞典
[V]:中國成語大辭典
[W]:成語大辭典(上)(下)
[AC]:成語典
[AD]:洪葉活用成語辭典",22
17682,17683,居安思危,"[B]:中國成語大辭典
[C]:經典成語
[E]:成語辭典
[G(1)]:實用成語辭典
[H]:活用造句辭典(成語部分)
[I]:實用分類學生成語辭典(上)(下)
[J]:漢語成語考釋詞典
[K]:中國成語大辭典
[L]:小叮噹漫書成語小百科(1)~(10)
[N]:遠流活用成語辭典
[P(上)]:成語分類辭典(上)(下)
[Q]:繪圖成語故事三百篇(上)(中)(下)
[R]:新編兒童成語小百科(1)~(12)
[S]:活用成語分類辭典(上)(下)
[T]:成語辨正辭典
[U]:同義反義成語詞典
[V]:中國成語大辭典
[W]:成語大辭典(上)(下)
[AB]:漢英對照成語辭典
[AC]:成語典
[AD]:洪葉活用成語辭典",21
18072,18073,抱薪救火,"[A]:彩圖典故辭典(精)
[B]:中國成語大辭典
[C]:經典成語
[D]:簡明實用成語辭典
[E]:成語辭典
[F]:小牛頓成語辭典(注音普及版)
[G(1)]:實用成語辭典
[I]:實用分類學生成語辭典(上)(下)
[J]:漢語成語考釋詞典
[K]:中國成語大辭典
[L]:小叮噹漫書成語小百科(1)~(10)
[N]:遠流活用成語辭典
[P(下)]:成語分類辭典(上)(下)
[R]:新編兒童成語小百科(1)~(12)
[S]:活用成語分類辭典(上)(下)
[T]:成語辨正辭典
[V]:中國成語大辭典
[W]:成語大辭典(上)(下)
[AA]:成語典故文選(上)(下)
[AC]:成語典
[AD]:洪葉活用成語辭典",21
18174,18175,拋磚引玉,"[B]:中國成語大辭典
[C]:經典成語
[D]:簡明實用成語辭典
[E]:成語辭典
[F]:小牛頓成語辭典(注音普及版)
[G(1)]:實用成語辭典
[H]:活用造句辭典(成語部分)
[I]:實用分類學生成語辭典(上)(下)
[J]:漢語成語考釋詞典
[K]:中國成語大辭典
[N]:遠流活用成語辭典
[P(上)]:成語分類辭典(上)(下)
[Q]:繪圖成語故事三百篇(上)(中)(下)
[R]:新編兒童成語小百科(1)~(12)
[S]:活用成語分類辭典(上)(下)
[T]:成語辨正辭典
[V]:中國成語大辭典
[W]:成語大辭典(上)(下)
[X]:常用成語用法
[AB]:漢英對照成語辭典
[AD]:洪葉活用成語辭典",21
18450,18451,明目張膽,"[B]:中國成語大辭典
[D]:簡明實用成語辭典
[E]:成語辭典
[G(1)]:實用成語辭典
[H]:活用造句辭典(成語部分)
[I]:實用分類學生成語辭典(上)(下)
[J]:漢語成語考釋詞典
[K]:中國成語大辭典
[N]:遠流活用成語辭典
[O(上)]:讀成語寫作文(上)(下)
[P(上)]:成語分類辭典(上)(下)
[Q]:繪圖成語故事三百篇(上)(中)(下)
[S]:活用成語分類辭典(上)(下)
[T]:成語辨正辭典
[U]:同義反義成語詞典
[V]:中國成語大辭典
[W]:成語大辭典(上)(下)
[X]:常用成語用法
[AB]:漢英對照成語辭典
[AC]:成語典
[AD]:洪葉活用成語辭典",21
18505,18506,明察秋毫,"[B]:中國成語大辭典
[C]:經典成語
[D]:簡明實用成語辭典
[E]:成語辭典
[F]:小牛頓成語辭典(注音普及版)
[G(1)]:實用成語辭典
[H]:活用造句辭典(成語部分)
[I]:實用分類學生成語辭典(上)(下)
[J]:漢語成語考釋詞典
[K]:中國成語大辭典
[N]:遠流活用成語辭典
[O(下)]:讀成語寫作文(上)(下)
[P(上)]:成語分類辭典(上)(下)
[R]:新編兒童成語小百科(1)~(12)
[S]:活用成語分類辭典(上)(下)
[T]:成語辨正辭典
[W]:成語大辭典(上)(下)
[Z]:成語辨正辭典
[AB]:漢英對照成語辭典
[AC]:成語典
[AD]:洪葉活用成語辭典",21
18555,18556,易如反掌,"[B]:中國成語大辭典
[C]:經典成語
[D]:簡明實用成語辭典
[E]:成語辭典
[F]:小牛頓成語辭典(注音普及版)
[G(2)]:實用成語辭典
[H]:活用造句辭典(成語部分)
[I]:實用分類學生成語辭典(上)(下)
[J]:漢語成語考釋詞典
[K]:中國成語大辭典
[N]:遠流活用成語辭典
[Q]:繪圖成語故事三百篇(上)(中)(下)
[R]:新編兒童成語小百科(1)~(12)
[S]:活用成語分類辭典(上)(下)
[T]:成語辨正辭典
[U]:同義反義成語詞典
[V]:中國成語大辭典
[W]:成語大辭典(上)(下)
[X]:常用成語用法
[Y]:新編成語故事
[AB]:漢英對照成語辭典
[AC]:成語典
[AD]:洪葉活用成語辭典",23
18594,18595,杯弓蛇影,"[B]:中國成語大辭典
[C]:經典成語
[D]:簡明實用成語辭典
[E]:成語辭典
[F]:小牛頓成語辭典(注音普及版)
[G(1)]:實用成語辭典
[H]:活用造句辭典(成語部分)
[I]:實用分類學生成語辭典(上)(下)
[K]:中國成語大辭典
[L]:小叮噹漫書成語小百科(1)~(10)
[M]:(小學生語文學習文庫)成語中的知識第一輯(一)~(四)加附錄
[N]:遠流活用成語辭典
[O(上)]:讀成語寫作文(上)(下)
[Q]:繪圖成語故事三百篇(上)(中)(下)
[R]:新編兒童成語小百科(1)~(12)
[T]:成語辨正辭典
[U]:同義反義成語詞典
[V]:中國成語大辭典
[W]:成語大辭典(上)(下)
[X]:常用成語用法
[AA]:成語典故文選(上)(下)
[AB]:漢英對照成語辭典
[AC]:成語典
[AD]:洪葉活用成語辭典",24
18598,18599,杯水車薪,"[B]:中國成語大辭典
[C]:經典成語
[D]:簡明實用成語辭典
[E]:成語辭典
[F]:小牛頓成語辭典(注音普及版)
[G(1)]:實用成語辭典
[H]:活用造句辭典(成語部分)
[I]:實用分類學生成語辭典(上)(下)
[J]:漢語成語考釋詞典
[K]:中國成語大辭典
[N]:遠流活用成語辭典
[Q]:繪圖成語故事三百篇(上)(中)(下)
[R]:新編兒童成語小百科(1)~(12)
[S]:活用成語分類辭典(上)(下)
[T]:成語辨正辭典
[U]:同義反義成語詞典
[V]:中國成語大辭典
[W]:成語大辭典(上)(下)
[AA]:成語典故文選(上)(下)
[AB]:漢英對照成語辭典
[AC]:成語典
[AD]:洪葉活用成語辭典",22
18617,18618,東山再起,"[B]:中國成語大辭典
[C]:經典成語
[D]:簡明實用成語辭典
[E]:成語辭典
[F]:小牛頓成語辭典(注音普及版)
[G(1)]:實用成語辭典
[I]:實用分類學生成語辭典(上)(下)
[J]:漢語成語考釋詞典
[K]:中國成語大辭典
[M]:(小學生語文學習文庫)成語中的知識第一輯(一)~(四)加附錄
[N]:遠流活用成語辭典
[O(上)]:讀成語寫作文(上)(下)
[P(下)]:成語分類辭典(上)(下)
[Q]:繪圖成語故事三百篇(上)(中)(下)
[R]:新編兒童成語小百科(1)~(12)
[S]:活用成語分類辭典(上)(下)
[T]:成語辨正辭典
[U]:同義反義成語詞典
[V]:中國成語大辭典
[W]:成語大辭典(上)(下)
[AA]:成語典故文選(上)(下)
[AB]:漢英對照成語辭典
[AC]:成語典
[AD]:洪葉活用成語辭典",24
18679,18680,東施效顰,"[B]:中國成語大辭典
[C]:經典成語
[D]:簡明實用成語辭典
[E]:成語辭典
[G(1)]:實用成語辭典
[I]:實用分類學生成語辭典(上)(下)
[K]:中國成語大辭典
[L]:小叮噹漫書成語小百科(1)~(10)
[M]:(小學生語文學習文庫)成語中的知識第一輯(一)~(四)加附錄
[N]:遠流活用成語辭典
[O(上)]:讀成語寫作文(上)(下)
[Q]:繪圖成語故事三百篇(上)(中)(下)
[R]:新編兒童成語小百科(1)~(12)
[S]:活用成語分類辭典(上)(下)
[T]:成語辨正辭典
[W]:成語大辭典(上)(下)
[X]:常用成語用法
[AA]:成語典故文選(上)(下)
[AB]:漢英對照成語辭典
[AC]:成語典
[AD]:洪葉活用成語辭典",21
18738,18739,東窗事發,"[A]:彩圖典故辭典(精)
[B]:中國成語大辭典
[C]:經典成語
[D]:簡明實用成語辭典
[E]:成語辭典
[F]:小牛頓成語辭典(注音普及版)
[G(1)]:實用成語辭典
[H]:活用造句辭典(成語部分)
[I]:實用分類學生成語辭典(上)(下)
[J]:漢語成語考釋詞典
[K]:中國成語大辭典
[M]:(小學生語文學習文庫)成語中的知識第一輯(一)~(四)加附錄
[N]:遠流活用成語辭典
[Q]:繪圖成語故事三百篇(上)(中)(下)
[R]:新編兒童成語小百科(1)~(12)
[S]:活用成語分類辭典(上)(下)
[T]:成語辨正辭典
[V]:中國成語大辭典
[W]:成語大辭典(上)(下)
[X]:常用成語用法
[Y]:新編成語故事
[Z]:成語辨正辭典
[AA]:成語典故文選(上)(下)
[AB]:漢英對照成語辭典
[AC]:成語典",25
18961,18962,歧路亡羊,"[A]:彩圖典故辭典(精)
[B]:中國成語大辭典
[C]:經典成語
[D]:簡明實用成語辭典
[E]:成語辭典
[F]:小牛頓成語辭典(注音普及版)
[G(1)]:實用成語辭典
[H]:活用造句辭典(成語部分)
[I]:實用分類學生成語辭典(上)(下)
[J]:漢語成語考釋詞典
[K]:中國成語大辭典
[Q]:繪圖成語故事三百篇(上)(中)(下)
[R]:新編兒童成語小百科(1)~(12)
[T]:成語辨正辭典
[V]:中國成語大辭典
[W]:成語大辭典(上)(下)
[X]:常用成語用法
[Y]:新編成語故事
[Z]:成語辨正辭典
[AB]:漢英對照成語辭典
[AC]:成語典
[AD]:洪葉活用成語辭典",22
18985,18986,河東獅吼,"[A]:彩圖典故辭典(精)
[B]:中國成語大辭典
[C]:經典成語
[D]:簡明實用成語辭典
[F]:小牛頓成語辭典(注音普及版)
[G(1)]:實用成語辭典
[H]:活用造句辭典(成語部分)
[I]:實用分類學生成語辭典(上)(下)
[J]:漢語成語考釋詞典
[K]:中國成語大辭典
[L]:小叮噹漫書成語小百科(1)~(10)
[N]:遠流活用成語辭典
[R]:新編兒童成語小百科(1)~(12)
[S]:活用成語分類辭典(上)(下)
[T]:成語辨正辭典
[V]:中國成語大辭典
[W]:成語大辭典(上)(下)
[Z]:成語辨正辭典
[AB]:漢英對照成語辭典
[AC]:成語典
[AD]:洪葉活用成語辭典",21
19202,19203,炙手可熱,"[B]:中國成語大辭典
[C]:經典成語
[D]:簡明實用成語辭典
[E]:成語辭典
[F]:小牛頓成語辭典(注音普及版)
[G(1)]:實用成語辭典
[I]:實用分類學生成語辭典(上)(下)
[J]:漢語成語考釋詞典
[K]:中國成語大辭典
[N]:遠流活用成語辭典
[P(上)]:成語分類辭典(上)(下)
[R]:新編兒童成語小百科(1)~(12)
[S]:活用成語分類辭典(上)(下)
[T]:成語辨正辭典
[V]:中國成語大辭典
[W]:成語大辭典(上)(下)
[Z]:成語辨正辭典
[AA]:成語典故文選(上)(下)
[AB]:漢英對照成語辭典
[AC]:成語典
[AD]:洪葉活用成語辭典",21
19346,19347,狐假虎威,"[B]:中國成語大辭典
[C]:經典成語
[D]:簡明實用成語辭典
[E]:成語辭典
[F]:小牛頓成語辭典(注音普及版)
[G(1)]:實用成語辭典
[H]:活用造句辭典(成語部分)
[I]:實用分類學生成語辭典(上)(下)
[J]:漢語成語考釋詞典
[K]:中國成語大辭典
[L]:小叮噹漫書成語小百科(1)~(10)
[M]:(小學生語文學習文庫)成語中的知識第一輯(一)~(四)加附錄
[N]:遠流活用成語辭典
[Q]:繪圖成語故事三百篇(上)(中)(下)
[R]:新編兒童成語小百科(1)~(12)
[S]:活用成語分類辭典(上)(下)
[T]:成語辨正辭典
[U]:同義反義成語詞典
[V]:中國成語大辭典
[W]:成語大辭典(上)(下)
[X]:常用成語用法
[AA]:成語典故文選(上)(下)
[AB]:漢英對照成語辭典
[AC]:成語典
[AD]:洪葉活用成語辭典",25
19704,19705,空中樓閣,"[B]:中國成語大辭典
[C]:經典成語
[D]:簡明實用成語辭典
[E]:成語辭典
[F]:小牛頓成語辭典(注音普及版)
[G(1)]:實用成語辭典
[I]:實用分類學生成語辭典(上)(下)
[J]:漢語成語考釋詞典
[K]:中國成語大辭典
[N]:遠流活用成語辭典
[O(上)]:讀成語寫作文(上)(下)
[P(下)]:成語分類辭典(上)(下)
[Q]:繪圖成語故事三百篇(上)(中)(下)
[R]:新編兒童成語小百科(1)~(12)
[S]:活用成語分類辭典(上)(下)
[U]:同義反義成語詞典
[W]:成語大辭典(上)(下)
[X]:常用成語用法
[Y]:新編成語故事
[AB]:漢英對照成語辭典
[AC]:成語典",21
19806,19807,臥薪嘗膽,"[B]:中國成語大辭典
[C]:經典成語
[D]:簡明實用成語辭典
[E]:成語辭典
[F]:小牛頓成語辭典(注音普及版)
[G(1)]:實用成語辭典
[I]:實用分類學生成語辭典(上)(下)
[J]:漢語成語考釋詞典
[K]:中國成語大辭典
[N]:遠流活用成語辭典
[P(上)]:成語分類辭典(上)(下)
[Q]:繪圖成語故事三百篇(上)(中)(下)
[R]:新編兒童成語小百科(1)~(12)
[S]:活用成語分類辭典(上)(下)
[U]:同義反義成語詞典
[V]:中國成語大辭典
[W]:成語大辭典(上)(下)
[X]:常用成語用法
[AA]:成語典故文選(上)(下)
[AB]:漢英對照成語辭典
[AC]:成語典",21
20166,20167,門可羅雀,"[B]:中國成語大辭典
[C]:經典成語
[D]:簡明實用成語辭典
[E]:成語辭典
[F]:小牛頓成語辭典(注音普及版)
[G(1)]:實用成語辭典
[H]:活用造句辭典(成語部分)
[I]:實用分類學生成語辭典(上)(下)
[J]:漢語成語考釋詞典
[K]:中國成語大辭典
[N]:遠流活用成語辭典
[P(下)]:成語分類辭典(上)(下)
[Q]:繪圖成語故事三百篇(上)(中)(下)
[R]:新編兒童成語小百科(1)~(12)
[T]:成語辨正辭典
[U]:同義反義成語詞典
[V]:中國成語大辭典
[W]:成語大辭典(上)(下)
[X]:常用成語用法
[Y]:新編成語故事
[AA]:成語典故文選(上)(下)
[AC]:成語典
[AD]:洪葉活用成語辭典",23
20175,20176,門庭若市,"[B]:中國成語大辭典
[E]:成語辭典
[F]:小牛頓成語辭典(注音普及版)
[G(1)]:實用成語辭典
[H]:活用造句辭典(成語部分)
[I]:實用分類學生成語辭典(上)(下)
[J]:漢語成語考釋詞典
[K]:中國成語大辭典
[L]:小叮噹漫書成語小百科(1)~(10)
[M]:(小學生語文學習文庫)成語中的知識第一輯(一)~(四)加附錄
[N]:遠流活用成語辭典
[Q]:繪圖成語故事三百篇(上)(中)(下)
[R]:新編兒童成語小百科(1)~(12)
[S]:活用成語分類辭典(上)(下)
[T]:成語辨正辭典
[U]:同義反義成語詞典
[V]:中國成語大辭典
[W]:成語大辭典(上)(下)
[X]:常用成語用法
[AC]:成語典
[AD]:洪葉活用成語辭典",21
20273,20274,青出於藍,"[B]:中國成語大辭典
[C]:經典成語
[D]:簡明實用成語辭典
[E]:成語辭典
[F]:小牛頓成語辭典(注音普及版)
[G(1)]:實用成語辭典
[H]:活用造句辭典(成語部分)
[I]:實用分類學生成語辭典(上)(下)
[J]:漢語成語考釋詞典
[K]:中國成語大辭典
[L]:小叮噹漫書成語小百科(1)~(10)
[M]:(小學生語文學習文庫)成語中的知識第一輯(一)~(四)加附錄
[N]:遠流活用成語辭典
[P(下)]:成語分類辭典(上)(下)
[R]:新編兒童成語小百科(1)~(12)
[S]:活用成語分類辭典(上)(下)
[T]:成語辨正辭典
[U]:同義反義成語詞典
[W]:成語大辭典(上)(下)
[X]:常用成語用法
[Y]:新編成語故事
[Z]:成語辨正辭典
[AA]:成語典故文選(上)(下)
[AB]:漢英對照成語辭典
[AC]:成語典
[AD]:洪葉活用成語辭典",26
20464,20465,信口雌黃,"[A]:彩圖典故辭典(精)
[B]:中國成語大辭典
[C]:經典成語
[D]:簡明實用成語辭典
[E]:成語辭典
[F]:小牛頓成語辭典(注音普及版)
[G(1)]:實用成語辭典
[I]:實用分類學生成語辭典(上)(下)
[K]:中國成語大辭典
[L]:小叮噹漫書成語小百科(1)~(10)
[N]:遠流活用成語辭典
[P(上)]:成語分類辭典(上)(下)
[P(下)]:成語分類辭典(上)(下)
[Q]:繪圖成語故事三百篇(上)(中)(下)
[R]:新編兒童成語小百科(1)~(12)
[S]:活用成語分類辭典(上)(下)
[U]:同義反義成語詞典
[V]:中國成語大辭典
[W]:成語大辭典(上)(下)
[X]:常用成語用法
[Z]:成語辨正辭典
[AA]:成語典故文選(上)(下)
[AB]:漢英對照成語辭典
[AC]:成語典
[AD]:洪葉活用成語辭典",25
20607,20608,前倨後恭,"[A]:彩圖典故辭典(精)
[B]:中國成語大辭典
[C]:經典成語
[D]:簡明實用成語辭典
[F]:小牛頓成語辭典(注音普及版)
[G(1)]:實用成語辭典
[H]:活用造句辭典(成語部分)
[I]:實用分類學生成語辭典(上)(下)
[J]:漢語成語考釋詞典
[K]:中國成語大辭典
[L]:小叮噹漫書成語小百科(1)~(10)
[N]:遠流活用成語辭典
[Q]:繪圖成語故事三百篇(上)(中)(下)
[R]:新編兒童成語小百科(1)~(12)
[T]:成語辨正辭典
[V]:中國成語大辭典
[W]:成語大辭典(上)(下)
[X]:常用成語用法
[Z]:成語辨正辭典
[AC]:成語典
[AD]:洪葉活用成語辭典",21
20698,20699,南柯一夢,"[B]:中國成語大辭典
[C]:經典成語
[D]:簡明實用成語辭典
[E]:成語辭典
[F]:小牛頓成語辭典(注音普及版)
[G(1)]:實用成語辭典
[H]:活用造句辭典(成語部分)
[I]:實用分類學生成語辭典(上)(下)
[J]:漢語成語考釋詞典
[K]:中國成語大辭典
[M]:(小學生語文學習文庫)成語中的知識第一輯(一)~(四)加附錄
[N]:遠流活用成語辭典
[P(下)]:成語分類辭典(上)(下)
[R]:新編兒童成語小百科(1)~(12)
[S]:活用成語分類辭典(上)(下)
[T]:成語辨正辭典
[V]:中國成語大辭典
[W]:成語大辭典(上)(下)
[AA]:成語典故文選(上)(下)
[AC]:成語典
[AD]:洪葉活用成語辭典",21
20715,20716,南轅北轍,"[B]:中國成語大辭典
[C]:經典成語
[D]:簡明實用成語辭典
[E]:成語辭典
[F]:小牛頓成語辭典(注音普及版)
[G(1)]:實用成語辭典
[H]:活用造句辭典(成語部分)
[I]:實用分類學生成語辭典(上)(下)
[J]:漢語成語考釋詞典
[K]:中國成語大辭典
[M]:(小學生語文學習文庫)成語中的知識第一輯(一)~(四)加附錄
[N]:遠流活用成語辭典
[P(下)]:成語分類辭典(上)(下)
[R]:新編兒童成語小百科(1)~(12)
[S]:活用成語分類辭典(上)(下)
[T]:成語辨正辭典
[U]:同義反義成語詞典
[V]:中國成語大辭典
[W]:成語大辭典(上)(下)
[X]:常用成語用法
[Z]:成語辨正辭典
[AA]:成語典故文選(上)(下)
[AB]:漢英對照成語辭典
[AC]:成語典
[AD]:洪葉活用成語辭典",25
21103,21104,後來居上,"[B]:中國成語大辭典
[C]:經典成語
[D]:簡明實用成語辭典
[E]:成語辭典
[G(1)]:實用成語辭典
[H]:活用造句辭典(成語部分)
[I]:實用分類學生成語辭典(上)(下)
[J]:漢語成語考釋詞典
[K]:中國成語大辭典
[M]:(小學生語文學習文庫)成語中的知識第一輯(一)~(四)加附錄
[N]:遠流活用成語辭典
[P(下)]:成語分類辭典(上)(下)
[R]:新編兒童成語小百科(1)~(12)
[S]:活用成語分類辭典(上)(下)
[T]:成語辨正辭典
[U]:同義反義成語詞典
[V]:中國成語大辭典
[W]:成語大辭典(上)(下)
[X]:常用成語用法
[Y]:新編成語故事
[AA]:成語典故文選(上)(下)
[AB]:漢英對照成語辭典
[AC]:成語典
[AD]:洪葉活用成語辭典",24
21443,21444,拾人牙慧,"[B]:中國成語大辭典
[D]:簡明實用成語辭典
[E]:成語辭典
[F]:小牛頓成語辭典(注音普及版)
[G(1)]:實用成語辭典
[H]:活用造句辭典(成語部分)
[I]:實用分類學生成語辭典(上)(下)
[J]:漢語成語考釋詞典
[K]:中國成語大辭典
[N]:遠流活用成語辭典
[O(下)]:讀成語寫作文(上)(下)
[P(上)]:成語分類辭典(上)(下)
[S]:活用成語分類辭典(上)(下)
[T]:成語辨正辭典
[U]:同義反義成語詞典
[W]:成語大辭典(上)(下)
[X]:常用成語用法
[Z]:成語辨正辭典
[AA]:成語典故文選(上)(下)
[AB]:漢英對照成語辭典
[AC]:成語典
[AD]:洪葉活用成語辭典",22
21554,21555,指鹿為馬,"[B]:中國成語大辭典
[C]:經典成語
[D]:簡明實用成語辭典
[E]:成語辭典
[F]:小牛頓成語辭典(注音普及版)
[G(1)]:實用成語辭典
[H]:活用造句辭典(成語部分)
[I]:實用分類學生成語辭典(上)(下)
[J]:漢語成語考釋詞典
[K]:中國成語大辭典
[L]:小叮噹漫書成語小百科(1)~(10)
[M]:(小學生語文學習文庫)成語中的知識第一輯(一)~(四)加附錄
[N]:遠流活用成語辭典
[P(上)]:成語分類辭典(上)(下)
[Q]:繪圖成語故事三百篇(上)(中)(下)
[R]:新編兒童成語小百科(1)~(12)
[S]:活用成語分類辭典(上)(下)
[T]:成語辨正辭典
[U]:同義反義成語詞典
[V]:中國成語大辭典
[W]:成語大辭典(上)(下)
[X]:常用成語用法
[AA]:成語典故文選(上)(下)
[AB]:漢英對照成語辭典
[AC]:成語典
[AD]:洪葉活用成語辭典",26
21601,21602,按圖索驥,"[C]:經典成語
[D]:簡明實用成語辭典
[E]:成語辭典
[F]:小牛頓成語辭典(注音普及版)
[H]:活用造句辭典(成語部分)
[I]:實用分類學生成語辭典(上)(下)
[J]:漢語成語考釋詞典
[K]:中國成語大辭典
[L]:小叮噹漫書成語小百科(1)~(10)
[M]:(小學生語文學習文庫)成語中的知識第一輯(一)~(四)加附錄
[N]:遠流活用成語辭典
[Q]:繪圖成語故事三百篇(上)(中)(下)
[R]:新編兒童成語小百科(1)~(12)
[S]:活用成語分類辭典(上)(下)
[T]:成語辨正辭典
[U]:同義反義成語詞典
[W]:成語大辭典(上)(下)
[X]:常用成語用法
[AA]:成語典故文選(上)(下)
[AC]:成語典
[AD]:洪葉活用成語辭典",21
21636,21637,故步自封,"[B]:中國成語大辭典
[C]:經典成語
[D]:簡明實用成語辭典
[E]:成語辭典
[F]:小牛頓成語辭典(注音普及版)
[G(1)]:實用成語辭典
[H]:活用造句辭典(成語部分)
[I]:實用分類學生成語辭典(上)(下)
[J]:漢語成語考釋詞典
[K]:中國成語大辭典
[N]:遠流活用成語辭典
[O(上)]:讀成語寫作文(上)(下)
[P(上)]:成語分類辭典(上)(下)
[R]:新編兒童成語小百科(1)~(12)
[S]:活用成語分類辭典(上)(下)
[T]:成語辨正辭典
[U]:同義反義成語詞典
[V]:中國成語大辭典
[W]:成語大辭典(上)(下)
[Z]:成語辨正辭典
[AC]:成語典",21
22073,22074,洛陽紙貴,"[A]:彩圖典故辭典(精)
[B]:中國成語大辭典
[C]:經典成語
[D]:簡明實用成語辭典
[E]:成語辭典
[F]:小牛頓成語辭典(注音普及版)
[G(1)]:實用成語辭典
[J]:漢語成語考釋詞典
[K]:中國成語大辭典
[M]:(小學生語文學習文庫)成語中的知識第一輯(一)~(四)加附錄
[N]:遠流活用成語辭典
[P(下)]:成語分類辭典(上)(下)
[R]:新編兒童成語小百科(1)~(12)
[T]:成語辨正辭典
[V]:中國成語大辭典
[W]:成語大辭典(上)(下)
[X]:常用成語用法
[Z]:成語辨正辭典
[AA]:成語典故文選(上)(下)
[AB]:漢英對照成語辭典
[AC]:成語典
[AD]:洪葉活用成語辭典",22
22200,22201,流芳百世,"[B]:中國成語大辭典
[C]:經典成語
[D]:簡明實用成語辭典
[E]:成語辭典
[F]:小牛頓成語辭典(注音普及版)
[G(1)]:實用成語辭典
[I]:實用分類學生成語辭典(上)(下)
[J]:漢語成語考釋詞典
[K]:中國成語大辭典
[N]:遠流活用成語辭典
[P(下)]:成語分類辭典(上)(下)
[Q]:繪圖成語故事三百篇(上)(中)(下)
[R]:新編兒童成語小百科(1)~(12)
[S]:活用成語分類辭典(上)(下)
[T]:成語辨正辭典
[U]:同義反義成語詞典
[V]:中國成語大辭典
[W]:成語大辭典(上)(下)
[AB]:漢英對照成語辭典
[AC]:成語典
[AD]:洪葉活用成語辭典",21
22286,22287,為虎作倀,"[B]:中國成語大辭典
[C]:經典成語
[D]:簡明實用成語辭典
[E]:成語辭典
[F]:小牛頓成語辭典(注音普及版)
[G(1)]:實用成語辭典
[H]:活用造句辭典(成語部分)
[I]:實用分類學生成語辭典(上)(下)
[J]:漢語成語考釋詞典
[K]:中國成語大辭典
[L]:小叮噹漫書成語小百科(1)~(10)
[M]:(小學生語文學習文庫)成語中的知識第一輯(一)~(四)加附錄
[N]:遠流活用成語辭典
[P(上)]:成語分類辭典(上)(下)
[Q]:繪圖成語故事三百篇(上)(中)(下)
[R]:新編兒童成語小百科(1)~(12)
[S]:活用成語分類辭典(上)(下)
[U]:同義反義成語詞典
[V]:中國成語大辭典
[W]:成語大辭典(上)(下)
[X]:常用成語用法
[AA]:成語典故文選(上)(下)
[AB]:漢英對照成語辭典
[AC]:成語典
[AD]:洪葉活用成語辭典",25
22384,22385,畏首畏尾,"[B]:中國成語大辭典
[C]:經典成語
[D]:簡明實用成語辭典
[E]:成語辭典
[F]:小牛頓成語辭典(注音普及版)
[G(1)]:實用成語辭典
[H]:活用造句辭典(成語部分)
[I]:實用分類學生成語辭典(上)(下)
[J]:漢語成語考釋詞典
[K]:中國成語大辭典
[N]:遠流活用成語辭典
[P(上)]:成語分類辭典(上)(下)
[Q]:繪圖成語故事三百篇(上)(中)(下)
[R]:新編兒童成語小百科(1)~(12)
[S]:活用成語分類辭典(上)(下)
[V]:中國成語大辭典
[W]:成語大辭典(上)(下)
[X]:常用成語用法
[AB]:漢英對照成語辭典
[AC]:成語典
[AD]:洪葉活用成語辭典",21
22989,22990,芒刺在背,"[B]:中國成語大辭典
[C]:經典成語
[D]:簡明實用成語辭典
[E]:成語辭典
[F]:小牛頓成語辭典(注音普及版)
[G(1)]:實用成語辭典
[H]:活用造句辭典(成語部分)
[I]:實用分類學生成語辭典(上)(下)
[J]:漢語成語考釋詞典
[K]:中國成語大辭典
[M]:(小學生語文學習文庫)成語中的知識第一輯(一)~(四)加附錄
[N]:遠流活用成語辭典
[O(上)]:讀成語寫作文(上)(下)
[R]:新編兒童成語小百科(1)~(12)
[S]:活用成語分類辭典(上)(下)
[V]:中國成語大辭典
[W]:成語大辭典(上)(下)
[AA]:成語典故文選(上)(下)
[AB]:漢英對照成語辭典
[AC]:成語典
[AD]:洪葉活用成語辭典",21
23124,23125,負荊請罪,"[B]:中國成語大辭典
[C]:經典成語
[D]:簡明實用成語辭典
[E]:成語辭典
[F]:小牛頓成語辭典(注音普及版)
[G(1)]:實用成語辭典
[H]:活用造句辭典(成語部分)
[I]:實用分類學生成語辭典(上)(下)
[J]:漢語成語考釋詞典
[K]:中國成語大辭典
[M]:(小學生語文學習文庫)成語中的知識第一輯(一)~(四)加附錄
[N]:遠流活用成語辭典
[P(上)]:成語分類辭典(上)(下)
[Q]:繪圖成語故事三百篇(上)(中)(下)
[R]:新編兒童成語小百科(1)~(12)
[S]:活用成語分類辭典(上)(下)
[T]:成語辨正辭典
[U]:同義反義成語詞典
[V]:中國成語大辭典
[W]:成語大辭典(上)(下)
[AA]:成語典故文選(上)(下)
[AB]:漢英對照成語辭典
[AC]:成語典
[AD]:洪葉活用成語辭典",24
23633,23634,風聲鶴唳,"[B]:中國成語大辭典
[C]:經典成語
[D]:簡明實用成語辭典
[F]:小牛頓成語辭典(注音普及版)
[G(1)]:實用成語辭典
[H]:活用造句辭典(成語部分)
[I]:實用分類學生成語辭典(上)(下)
[J]:漢語成語考釋詞典
[K]:中國成語大辭典
[M]:(小學生語文學習文庫)成語中的知識第一輯(一)~(四)加附錄
[N]:遠流活用成語辭典
[O(上)]:讀成語寫作文(上)(下)
[P(上)]:成語分類辭典(上)(下)
[Q]:繪圖成語故事三百篇(上)(中)(下)
[R]:新編兒童成語小百科(1)~(12)
[S]:活用成語分類辭典(上)(下)
[T]:成語辨正辭典
[U]:同義反義成語詞典
[V]:中國成語大辭典
[W]:成語大辭典(上)(下)
[AB]:漢英對照成語辭典
[AC]:成語典",22
23775,23776,食古不化,"[B]:中國成語大辭典
[C]:經典成語
[D]:簡明實用成語辭典
[E]:成語辭典
[F]:小牛頓成語辭典(注音普及版)
[G(1)]:實用成語辭典
[H]:活用造句辭典(成語部分)
[I]:實用分類學生成語辭典(上)(下)
[J]:漢語成語考釋詞典
[K]:中國成語大辭典
[N]:遠流活用成語辭典
[O(上)]:讀成語寫作文(上)(下)
[P(上)]:成語分類辭典(上)(下)
[R]:新編兒童成語小百科(1)~(12)
[S]:活用成語分類辭典(上)(下)
[T]:成語辨正辭典
[U]:同義反義成語詞典
[V]:中國成語大辭典
[W]:成語大辭典(上)(下)
[X]:常用成語用法
[Y]:新編成語故事
[AB]:漢英對照成語辭典
[AC]:成語典",23
23896,23897,乘風破浪,"[B]:中國成語大辭典
[C]:經典成語
[D]:簡明實用成語辭典
[E]:成語辭典
[F]:小牛頓成語辭典(注音普及版)
[G(1)]:實用成語辭典
[H]:活用造句辭典(成語部分)
[I]:實用分類學生成語辭典(上)(下)
[J]:漢語成語考釋詞典
[K]:中國成語大辭典
[N]:遠流活用成語辭典
[P(下)]:成語分類辭典(上)(下)
[Q]:繪圖成語故事三百篇(上)(中)(下)
[R]:新編兒童成語小百科(1)~(12)
[V]:中國成語大辭典
[W]:成語大辭典(上)(下)
[X]:常用成語用法
[Y]:新編成語故事
[AA]:成語典故文選(上)(下)
[AB]:漢英對照成語辭典
[AC]:成語典
[AD]:洪葉活用成語辭典",22
24138,24139,借花獻佛,"[B]:中國成語大辭典
[C]:經典成語
[D]:簡明實用成語辭典
[E]:成語辭典
[F]:小牛頓成語辭典(注音普及版)
[G(1)]:實用成語辭典
[H]:活用造句辭典(成語部分)
[I]:實用分類學生成語辭典(上)(下)
[J]:漢語成語考釋詞典
[K]:中國成語大辭典
[L]:小叮噹漫書成語小百科(1)~(10)
[N]:遠流活用成語辭典
[O(下)]:讀成語寫作文(上)(下)
[P(上)]:成語分類辭典(上)(下)
[Q]:繪圖成語故事三百篇(上)(中)(下)
[R]:新編兒童成語小百科(1)~(12)
[S]:活用成語分類辭典(上)(下)
[T]:成語辨正辭典
[V]:中國成語大辭典
[W]:成語大辭典(上)(下)
[AC]:成語典",21
24287,24288,剛愎自用,"[B]:中國成語大辭典
[D]:簡明實用成語辭典
[E]:成語辭典
[F]:小牛頓成語辭典(注音普及版)
[G(1)]:實用成語辭典
[H]:活用造句辭典(成語部分)
[I]:實用分類學生成語辭典(上)(下)
[J]:漢語成語考釋詞典
[K]:中國成語大辭典
[N]:遠流活用成語辭典
[O(上)]:讀成語寫作文(上)(下)
[P(上)]:成語分類辭典(上)(下)
[Q]:繪圖成語故事三百篇(上)(中)(下)
[S]:活用成語分類辭典(上)(下)
[T]:成語辨正辭典
[U]:同義反義成語詞典
[V]:中國成語大辭典
[W]:成語大辭典(上)(下)
[Z]:成語辨正辭典
[AB]:漢英對照成語辭典
[AC]:成語典
[AD]:洪葉活用成語辭典",22
25804,25805,狼狽為奸,"[B]:中國成語大辭典
[C]:經典成語
[D]:簡明實用成語辭典
[E]:成語辭典
[F]:小牛頓成語辭典(注音普及版)
[G(1)]:實用成語辭典
[H]:活用造句辭典(成語部分)
[I]:實用分類學生成語辭典(上)(下)
[J]:漢語成語考釋詞典
[K]:中國成語大辭典
[M]:(小學生語文學習文庫)成語中的知識第一輯(一)~(四)加附錄
[N]:遠流活用成語辭典
[P(上)]:成語分類辭典(上)(下)
[Q]:繪圖成語故事三百篇(上)(中)(下)
[R]:新編兒童成語小百科(1)~(12)
[S]:活用成語分類辭典(上)(下)
[T]:成語辨正辭典
[U]:同義反義成語詞典
[V]:中國成語大辭典
[W]:成語大辭典(上)(下)
[X]:常用成語用法
[AA]:成語典故文選(上)(下)
[AB]:漢英對照成語辭典
[AC]:成語典
[AD]:洪葉活用成語辭典",25
25874,25875,班門弄斧,"[B]:中國成語大辭典
[C]:經典成語
[D]:簡明實用成語辭典
[E]:成語辭典
[F]:小牛頓成語辭典(注音普及版)
[G(1)]:實用成語辭典
[H]:活用造句辭典(成語部分)
[I]:實用分類學生成語辭典(上)(下)
[J]:漢語成語考釋詞典
[K]:中國成語大辭典
[L]:小叮噹漫書成語小百科(1)~(10)
[M]:(小學生語文學習文庫)成語中的知識第一輯(一)~(四)加附錄
[N]:遠流活用成語辭典
[O(下)]:讀成語寫作文(上)(下)
[P(上)]:成語分類辭典(上)(下)
[Q]:繪圖成語故事三百篇(上)(中)(下)
[R]:新編兒童成語小百科(1)~(12)
[S]:活用成語分類辭典(上)(下)
[T]:成語辨正辭典
[U]:同義反義成語詞典
[V]:中國成語大辭典
[W]:成語大辭典(上)(下)
[X]:常用成語用法
[AA]:成語典故文選(上)(下)
[AB]:漢英對照成語辭典
[AC]:成語典
[AD]:洪葉活用成語辭典",27
25959,25960,病入膏肓,"[A]:彩圖典故辭典(精)
[B]:中國成語大辭典
[C]:經典成語
[D]:簡明實用成語辭典
[E]:成語辭典
[F]:小牛頓成語辭典(注音普及版)
[G(1)]:實用成語辭典
[H]:活用造句辭典(成語部分)
[I]:實用分類學生成語辭典(上)(下)
[J]:漢語成語考釋詞典
[K]:中國成語大辭典
[L]:小叮噹漫書成語小百科(1)~(10)
[M]:(小學生語文學習文庫)成語中的知識第一輯(一)~(四)加附錄
[N]:遠流活用成語辭典
[P(下)]:成語分類辭典(上)(下)
[Q]:繪圖成語故事三百篇(上)(中)(下)
[R]:新編兒童成語小百科(1)~(12)
[S]:活用成語分類辭典(上)(下)
[T]:成語辨正辭典
[AA]:成語典故文選(上)(下)
[AB]:漢英對照成語辭典
[AC]:成語典
[AD]:洪葉活用成語辭典",23
26138,26139,破鏡重圓,"[B]:中國成語大辭典
[C]:經典成語
[D]:簡明實用成語辭典
[E]:成語辭典
[F]:小牛頓成語辭典(注音普及版)
[G(1)]:實用成語辭典
[I]:實用分類學生成語辭典(上)(下)
[J]:漢語成語考釋詞典
[K]:中國成語大辭典
[M]:(小學生語文學習文庫)成語中的知識第一輯(一)~(四)加附錄
[N]:遠流活用成語辭典
[P(上)]:成語分類辭典(上)(下)
[Q]:繪圖成語故事三百篇(上)(中)(下)
[R]:新編兒童成語小百科(1)~(12)
[S]:活用成語分類辭典(上)(下)
[T]:成語辨正辭典
[U]:同義反義成語詞典
[V]:中國成語大辭典
[W]:成語大辭典(上)(下)
[X]:常用成語用法
[Z]:成語辨正辭典
[AA]:成語典故文選(上)(下)
[AC]:成語典
[AD]:洪葉活用成語辭典",24
26392,26393,笑裡藏刀,"[B]:中國成語大辭典
[C]:經典成語
[D]:簡明實用成語辭典
[E]:成語辭典
[F]:小牛頓成語辭典(注音普及版)
[G(1)]:實用成語辭典
[J]:漢語成語考釋詞典
[K]:中國成語大辭典
[M]:(小學生語文學習文庫)成語中的知識第一輯(一)~(四)加附錄
[N]:遠流活用成語辭典
[P(上)]:成語分類辭典(上)(下)
[Q]:繪圖成語故事三百篇(上)(中)(下)
[R]:新編兒童成語小百科(1)~(12)
[S]:活用成語分類辭典(上)(下)
[T]:成語辨正辭典
[U]:同義反義成語詞典
[V]:中國成語大辭典
[W]:成語大辭典(上)(下)
[Z]:成語辨正辭典
[AA]:成語典故文選(上)(下)
[AD]:洪葉活用成語辭典",21
26460,26461,紙上談兵,"[B]:中國成語大辭典
[C]:經典成語
[D]:簡明實用成語辭典
[E]:成語辭典
[F]:小牛頓成語辭典(注音普及版)
[G(1)]:實用成語辭典
[I]:實用分類學生成語辭典(上)(下)
[J]:漢語成語考釋詞典
[K]:中國成語大辭典
[M]:(小學生語文學習文庫)成語中的知識第一輯(一)~(四)加附錄
[N]:遠流活用成語辭典
[O(上)]:讀成語寫作文(上)(下)
[P(下)]:成語分類辭典(上)(下)
[Q]:繪圖成語故事三百篇(上)(中)(下)
[R]:新編兒童成語小百科(1)~(12)
[S]:活用成語分類辭典(上)(下)
[T]:成語辨正辭典
[V]:中國成語大辭典
[W]:成語大辭典(上)(下)
[X]:常用成語用法
[AA]:成語典故文選(上)(下)
[AB]:漢英對照成語辭典
[AC]:成語典
[AD]:洪葉活用成語辭典",24
26581,26582,胸有成竹,"[B]:中國成語大辭典
[C]:經典成語
[D]:簡明實用成語辭典
[E]:成語辭典
[G(1)]:實用成語辭典
[H]:活用造句辭典(成語部分)
[I]:實用分類學生成語辭典(上)(下)
[J]:漢語成語考釋詞典
[K]:中國成語大辭典
[L]:小叮噹漫書成語小百科(1)~(10)
[M]:(小學生語文學習文庫)成語中的知識第一輯(一)~(四)加附錄
[N]:遠流活用成語辭典
[O(上)]:讀成語寫作文(上)(下)
[P(上)]:成語分類辭典(上)(下)
[Q]:繪圖成語故事三百篇(上)(中)(下)
[R]:新編兒童成語小百科(1)~(12)
[S]:活用成語分類辭典(上)(下)
[U]:同義反義成語詞典
[V]:中國成語大辭典
[W]:成語大辭典(上)(下)
[X]:常用成語用法
[Z]:成語辨正辭典
[AA]:成語典故文選(上)(下)
[AB]:漢英對照成語辭典
[AC]:成語典
[AD]:洪葉活用成語辭典",26
27054,27055,退避三舍,"[B]:中國成語大辭典
[C]:經典成語
[D]:簡明實用成語辭典
[E]:成語辭典
[F]:小牛頓成語辭典(注音普及版)
[G(1)]:實用成語辭典
[H]:活用造句辭典(成語部分)
[I]:實用分類學生成語辭典(上)(下)
[J]:漢語成語考釋詞典
[K]:中國成語大辭典
[M]:(小學生語文學習文庫)成語中的知識第一輯(一)~(四)加附錄
[N]:遠流活用成語辭典
[P(下)]:成語分類辭典(上)(下)
[R]:新編兒童成語小百科(1)~(12)
[T]:成語辨正辭典
[V]:中國成語大辭典
[W]:成語大辭典(上)(下)
[X]:常用成語用法
[AA]:成語典故文選(上)(下)
[AB]:漢英對照成語辭典
[AC]:成語典
[AD]:洪葉活用成語辭典",22
27548,27549,偃旗息鼓,"[B]:中國成語大辭典
[C]:經典成語
[D]:簡明實用成語辭典
[E]:成語辭典
[F]:小牛頓成語辭典(注音普及版)
[G(1)]:實用成語辭典
[I]:實用分類學生成語辭典(上)(下)
[J]:漢語成語考釋詞典
[K]:中國成語大辭典
[N]:遠流活用成語辭典
[P(下)]:成語分類辭典(上)(下)
[R]:新編兒童成語小百科(1)~(12)
[S]:活用成語分類辭典(上)(下)
[T]:成語辨正辭典
[U]:同義反義成語詞典
[V]:中國成語大辭典
[W]:成語大辭典(上)(下)
[X]:常用成語用法
[Y]:新編成語故事
[AA]:成語典故文選(上)(下)
[AB]:漢英對照成語辭典
[AC]:成語典",22
27554,27555,假公濟私,"[B]:中國成語大辭典
[C]:經典成語
[D]:簡明實用成語辭典
[E]:成語辭典
[F]:小牛頓成語辭典(注音普及版)
[G(1)]:實用成語辭典
[H]:活用造句辭典(成語部分)
[J]:漢語成語考釋詞典
[K]:中國成語大辭典
[L]:小叮噹漫書成語小百科(1)~(10)
[N]:遠流活用成語辭典
[O(上)]:讀成語寫作文(上)(下)
[P(上)]:成語分類辭典(上)(下)
[R]:新編兒童成語小百科(1)~(12)
[S]:活用成語分類辭典(上)(下)
[T]:成語辨正辭典
[U]:同義反義成語詞典
[V]:中國成語大辭典
[W]:成語大辭典(上)(下)
[AB]:漢英對照成語辭典
[AC]:成語典
[AD]:洪葉活用成語辭典",22
27794,27795,唾面自乾,"[A]:彩圖典故辭典(精)
[B]:中國成語大辭典
[C]:經典成語
[D]:簡明實用成語辭典
[E]:成語辭典
[F]:小牛頓成語辭典(注音普及版)
[G(1)]:實用成語辭典
[H]:活用造句辭典(成語部分)
[I]:實用分類學生成語辭典(上)(下)
[J]:漢語成語考釋詞典
[K]:中國成語大辭典
[L]:小叮噹漫書成語小百科(1)~(10)
[N]:遠流活用成語辭典
[O(下)]:讀成語寫作文(上)(下)
[R]:新編兒童成語小百科(1)~(12)
[S]:活用成語分類辭典(上)(下)
[U]:同義反義成語詞典
[V]:中國成語大辭典
[W]:成語大辭典(上)(下)
[AA]:成語典故文選(上)(下)
[AB]:漢英對照成語辭典
[AC]:成語典
[AD]:洪葉活用成語辭典",23
28237,28238,庸人自擾,"[B]:中國成語大辭典
[C]:經典成語
[D]:簡明實用成語辭典
[E]:成語辭典
[G(1)]:實用成語辭典
[I]:實用分類學生成語辭典(上)(下)
[J]:漢語成語考釋詞典
[K]:中國成語大辭典
[L]:小叮噹漫書成語小百科(1)~(10)
[M]:(小學生語文學習文庫)成語中的知識第一輯(一)~(四)加附錄
[N]:遠流活用成語辭典
[O(上)]:讀成語寫作文(上)(下)
[P(下)]:成語分類辭典(上)(下)
[R]:新編兒童成語小百科(1)~(12)
[S]:活用成語分類辭典(上)(下)
[T]:成語辨正辭典
[U]:同義反義成語詞典
[V]:中國成語大辭典
[W]:成語大辭典(上)(下)
[X]:常用成語用法
[AA]:成語典故文選(上)(下)
[AB]:漢英對照成語辭典
[AC]:成語典",23
28318,28319,強弩之末,"[B]:中國成語大辭典
[C]:經典成語
[D]:簡明實用成語辭典
[E]:成語辭典
[F]:小牛頓成語辭典(注音普及版)
[G(1)]:實用成語辭典
[I]:實用分類學生成語辭典(上)(下)
[J]:漢語成語考釋詞典
[K]:中國成語大辭典
[N]:遠流活用成語辭典
[R]:新編兒童成語小百科(1)~(12)
[T]:成語辨正辭典
[V]:中國成語大辭典
[W]:成語大辭典(上)(下)
[X]:常用成語用法
[Y]:新編成語故事
[Z]:成語辨正辭典
[AA]:成語典故文選(上)(下)
[AB]:漢英對照成語辭典
[AC]:成語典
[AD]:洪葉活用成語辭典",21
28406,28407,得心應手,"[B]:中國成語大辭典
[C]:經典成語
[E]:成語辭典
[F]:小牛頓成語辭典(注音普及版)
[G(1)]:實用成語辭典
[H]:活用造句辭典(成語部分)
[I]:實用分類學生成語辭典(上)(下)
[J]:漢語成語考釋詞典
[K]:中國成語大辭典
[L]:小叮噹漫書成語小百科(1)~(10)
[N]:遠流活用成語辭典
[O(上)]:讀成語寫作文(上)(下)
[P(上)]:成語分類辭典(上)(下)
[R]:新編兒童成語小百科(1)~(12)
[S]:活用成語分類辭典(上)(下)
[U]:同義反義成語詞典
[V]:中國成語大辭典
[W]:成語大辭典(上)(下)
[AA]:成語典故文選(上)(下)
[AB]:漢英對照成語辭典
[AC]:成語典
[AD]:洪葉活用成語辭典",22
28505,28506,從善如流,"[B]:中國成語大辭典
[C]:經典成語
[D]:簡明實用成語辭典
[E]:成語辭典
[F]:小牛頓成語辭典(注音普及版)
[G(1)]:實用成語辭典
[H]:活用造句辭典(成語部分)
[I]:實用分類學生成語辭典(上)(下)
[J]:漢語成語考釋詞典
[K]:中國成語大辭典
[M]:(小學生語文學習文庫)成語中的知識第一輯(一)~(四)加附錄
[N]:遠流活用成語辭典
[P(上)]:成語分類辭典(上)(下)
[R]:新編兒童成語小百科(1)~(12)
[S]:活用成語分類辭典(上)(下)
[U]:同義反義成語詞典
[V]:中國成語大辭典
[W]:成語大辭典(上)(下)
[AB]:漢英對照成語辭典
[AC]:成語典
[AD]:洪葉活用成語辭典",21
28905,28906,排難解紛,"[B]:中國成語大辭典
[C]:經典成語
[E]:成語辭典
[G(1)]:實用成語辭典
[H]:活用造句辭典(成語部分)
[I]:實用分類學生成語辭典(上)(下)
[J]:漢語成語考釋詞典
[K]:中國成語大辭典
[M]:(小學生語文學習文庫)成語中的知識第一輯(一)~(四)加附錄
[N]:遠流活用成語辭典
[O(下)]:讀成語寫作文(上)(下)
[P(上)]:成語分類辭典(上)(下)
[R]:新編兒童成語小百科(1)~(12)
[S]:活用成語分類辭典(上)(下)
[U]:同義反義成語詞典
[V]:中國成語大辭典
[W]:成語大辭典(上)(下)
[AA]:成語典故文選(上)(下)
[AB]:漢英對照成語辭典
[AC]:成語典
[AD]:洪葉活用成語辭典",21
29015,29016,推心置腹,"[B]:中國成語大辭典
[C]:經典成語
[D]:簡明實用成語辭典
[E]:成語辭典
[F]:小牛頓成語辭典(注音普及版)
[G(1)]:實用成語辭典
[H]:活用造句辭典(成語部分)
[I]:實用分類學生成語辭典(上)(下)
[J]:漢語成語考釋詞典
[K]:中國成語大辭典
[M]:(小學生語文學習文庫)成語中的知識第一輯(一)~(四)加附錄
[N]:遠流活用成語辭典
[P(上)]:成語分類辭典(上)(下)
[Q]:繪圖成語故事三百篇(上)(中)(下)
[R]:新編兒童成語小百科(1)~(12)
[S]:活用成語分類辭典(上)(下)
[U]:同義反義成語詞典
[V]:中國成語大辭典
[W]:成語大辭典(上)(下)
[X]:常用成語用法
[AB]:漢英對照成語辭典
[AC]:成語典
[AD]:洪葉活用成語辭典",23
29098,29099,掩耳盜鈴,"[B]:中國成語大辭典
[C]:經典成語
[D]:簡明實用成語辭典
[E]:成語辭典
[F]:小牛頓成語辭典(注音普及版)
[G(1)]:實用成語辭典
[H]:活用造句辭典(成語部分)
[I]:實用分類學生成語辭典(上)(下)
[J]:漢語成語考釋詞典
[K]:中國成語大辭典
[L]:小叮噹漫書成語小百科(1)~(10)
[M]:(小學生語文學習文庫)成語中的知識第一輯(一)~(四)加附錄
[N]:遠流活用成語辭典
[O(下)]:讀成語寫作文(上)(下)
[P(下)]:成語分類辭典(上)(下)
[Q]:繪圖成語故事三百篇(上)(中)(下)
[R]:新編兒童成語小百科(1)~(12)
[S]:活用成語分類辭典(上)(下)
[T]:成語辨正辭典
[U]:同義反義成語詞典
[V]:中國成語大辭典
[W]:成語大辭典(上)(下)
[X]:常用成語用法
[Z]:成語辨正辭典
[AA]:成語典故文選(上)(下)
[AC]:成語典
[AD]:洪葉活用成語辭典",27
29352,29353,望梅止渴,"[B]:中國成語大辭典
[C]:經典成語
[D]:簡明實用成語辭典
[E]:成語辭典
[F]:小牛頓成語辭典(注音普及版)
[G(1)]:實用成語辭典
[H]:活用造句辭典(成語部分)
[I]:實用分類學生成語辭典(上)(下)
[J]:漢語成語考釋詞典
[K]:中國成語大辭典
[M]:(小學生語文學習文庫)成語中的知識第一輯(一)~(四)加附錄
[N]:遠流活用成語辭典
[P(上)]:成語分類辭典(上)(下)
[Q]:繪圖成語故事三百篇(上)(中)(下)
[R]:新編兒童成語小百科(1)~(12)
[S]:活用成語分類辭典(上)(下)
[T]:成語辨正辭典
[U]:同義反義成語詞典
[V]:中國成語大辭典
[W]:成語大辭典(上)(下)
[X]:常用成語用法
[Y]:新編成語故事
[AA]:成語典故文選(上)(下)
[AC]:成語典
[AD]:洪葉活用成語辭典",25
29369,29370,望塵莫及,"[C]:經典成語
[D]:簡明實用成語辭典
[E]:成語辭典
[F]:小牛頓成語辭典(注音普及版)
[G(1)]:實用成語辭典
[H]:活用造句辭典(成語部分)
[I]:實用分類學生成語辭典(上)(下)
[J]:漢語成語考釋詞典
[K]:中國成語大辭典
[N]:遠流活用成語辭典
[P(上)]:成語分類辭典(上)(下)
[Q]:繪圖成語故事三百篇(上)(中)(下)
[R]:新編兒童成語小百科(1)~(12)
[S]:活用成語分類辭典(上)(下)
[T]:成語辨正辭典
[U]:同義反義成語詞典
[W]:成語大辭典(上)(下)
[X]:常用成語用法
[Y]:新編成語故事
[AB]:漢英對照成語辭典
[AD]:洪葉活用成語辭典",21
29485,29486,殺身成仁,"[B]:中國成語大辭典
[C]:經典成語
[D]:簡明實用成語辭典
[E]:成語辭典
[F]:小牛頓成語辭典(注音普及版)
[G(1)]:實用成語辭典
[H]:活用造句辭典(成語部分)
[I]:實用分類學生成語辭典(上)(下)
[J]:漢語成語考釋詞典
[K]:中國成語大辭典
[N]:遠流活用成語辭典
[P(上)]:成語分類辭典(上)(下)
[R]:新編兒童成語小百科(1)~(12)
[S]:活用成語分類辭典(上)(下)
[T]:成語辨正辭典
[U]:同義反義成語詞典
[V]:中國成語大辭典
[W]:成語大辭典(上)(下)
[Z]:成語辨正辭典
[AB]:漢英對照成語辭典
[AC]:成語典",21
30232,30233,眾志成城,"[B]:中國成語大辭典
[C]:經典成語
[D]:簡明實用成語辭典
[E]:成語辭典
[F]:小牛頓成語辭典(注音普及版)
[G(1)]:實用成語辭典
[H]:活用造句辭典(成語部分)
[I]:實用分類學生成語辭典(上)(下)
[J]:漢語成語考釋詞典
[K]:中國成語大辭典
[N]:遠流活用成語辭典
[P(上)]:成語分類辭典(上)(下)
[Q]:繪圖成語故事三百篇(上)(中)(下)
[T]:成語辨正辭典
[U]:同義反義成語詞典
[V]:中國成語大辭典
[W]:成語大辭典(上)(下)
[X]:常用成語用法
[AA]:成語典故文選(上)(下)
[AB]:漢英對照成語辭典
[AD]:洪葉活用成語辭典",21
30787,30788,袖手旁觀,"[B]:中國成語大辭典
[C]:經典成語
[D]:簡明實用成語辭典
[E]:成語辭典
[F]:小牛頓成語辭典(注音普及版)
[G(1)]:實用成語辭典
[H]:活用造句辭典(成語部分)
[I]:實用分類學生成語辭典(上)(下)
[J]:漢語成語考釋詞典
[K]:中國成語大辭典
[N]:遠流活用成語辭典
[P(上)]:成語分類辭典(上)(下)
[R]:新編兒童成語小百科(1)~(12)
[T]:成語辨正辭典
[U]:同義反義成語詞典
[V]:中國成語大辭典
[W]:成語大辭典(上)(下)
[X]:常用成語用法
[AA]:成語典故文選(上)(下)
[AB]:漢英對照成語辭典
[AC]:成語典",21
31033,31034,趾高氣揚,"[B]:中國成語大辭典
[C]:經典成語
[D]:簡明實用成語辭典
[E]:成語辭典
[G(1)]:實用成語辭典
[J]:漢語成語考釋詞典
[K]:中國成語大辭典
[M]:(小學生語文學習文庫)成語中的知識第一輯(一)~(四)加附錄
[N]:遠流活用成語辭典
[P(上)]:成語分類辭典(上)(下)
[Q]:繪圖成語故事三百篇(上)(中)(下)
[R]:新編兒童成語小百科(1)~(12)
[S]:活用成語分類辭典(上)(下)
[T]:成語辨正辭典
[U]:同義反義成語詞典
[V]:中國成語大辭典
[W]:成語大辭典(上)(下)
[X]:常用成語用法
[Z]:成語辨正辭典
[AA]:成語典故文選(上)(下)
[AB]:漢英對照成語辭典
[AC]:成語典
[AD]:洪葉活用成語辭典",23
31287,31288,閉門造車,"[B]:中國成語大辭典
[C]:經典成語
[D]:簡明實用成語辭典
[E]:成語辭典
[F]:小牛頓成語辭典(注音普及版)
[G(1)]:實用成語辭典
[H]:活用造句辭典(成語部分)
[I]:實用分類學生成語辭典(上)(下)
[J]:漢語成語考釋詞典
[K]:中國成語大辭典
[N]:遠流活用成語辭典
[O(上)]:讀成語寫作文(上)(下)
[P(上)]:成語分類辭典(上)(下)
[Q]:繪圖成語故事三百篇(上)(中)(下)
[R]:新編兒童成語小百科(1)~(12)
[S]:活用成語分類辭典(上)(下)
[T]:成語辨正辭典
[V]:中國成語大辭典
[W]:成語大辭典(上)(下)
[Z]:成語辨正辭典
[AC]:成語典
[AD]:洪葉活用成語辭典",22
31377,31378,雪中送炭,"[B]:中國成語大辭典
[C]:經典成語
[D]:簡明實用成語辭典
[E]:成語辭典
[F]:小牛頓成語辭典(注音普及版)
[G(1)]:實用成語辭典
[H]:活用造句辭典(成語部分)
[I]:實用分類學生成語辭典(上)(下)
[J]:漢語成語考釋詞典
[K]:中國成語大辭典
[N]:遠流活用成語辭典
[O(下)]:讀成語寫作文(上)(下)
[P(下)]:成語分類辭典(上)(下)
[R]:新編兒童成語小百科(1)~(12)
[S]:活用成語分類辭典(上)(下)
[T]:成語辨正辭典
[U]:同義反義成語詞典
[V]:中國成語大辭典
[W]:成語大辭典(上)(下)
[AB]:漢英對照成語辭典
[AC]:成語典",21
31895,31896,喪心病狂,"[B]:中國成語大辭典
[D]:簡明實用成語辭典
[E]:成語辭典
[F]:小牛頓成語辭典(注音普及版)
[G(1)]:實用成語辭典
[H]:活用造句辭典(成語部分)
[J]:漢語成語考釋詞典
[K]:中國成語大辭典
[N]:遠流活用成語辭典
[P(上)]:成語分類辭典(上)(下)
[Q]:繪圖成語故事三百篇(上)(中)(下)
[S]:活用成語分類辭典(上)(下)
[T]:成語辨正辭典
[U]:同義反義成語詞典
[V]:中國成語大辭典
[W]:成語大辭典(上)(下)
[Z]:成語辨正辭典
[AA]:成語典故文選(上)(下)
[AB]:漢英對照成語辭典
[AC]:成語典
[AD]:洪葉活用成語辭典",21
32478,32479,揠苗助長,"[B]:中國成語大辭典
[C]:經典成語
[D]:簡明實用成語辭典
[E]:成語辭典
[F]:小牛頓成語辭典(注音普及版)
[G(1)]:實用成語辭典
[H]:活用造句辭典(成語部分)
[I]:實用分類學生成語辭典(上)(下)
[J]:漢語成語考釋詞典
[K]:中國成語大辭典
[L]:小叮噹漫書成語小百科(1)~(10)
[M]:(小學生語文學習文庫)成語中的知識第一輯(一)~(四)加附錄
[N]:遠流活用成語辭典
[P(下)]:成語分類辭典(上)(下)
[R]:新編兒童成語小百科(1)~(12)
[S]:活用成語分類辭典(上)(下)
[T]:成語辨正辭典
[U]:同義反義成語詞典
[V]:中國成語大辭典
[W]:成語大辭典(上)(下)
[Z]:成語辨正辭典
[AA]:成語典故文選(上)(下)
[AC]:成語典
[AD]:洪葉活用成語辭典",24
32570,32571,敝帚自珍,"[B]:中國成語大辭典
[C]:經典成語
[D]:簡明實用成語辭典
[E]:成語辭典
[F]:小牛頓成語辭典(注音普及版)
[G(1)]:實用成語辭典
[H]:活用造句辭典(成語部分)
[I]:實用分類學生成語辭典(上)(下)
[J]:漢語成語考釋詞典
[K]:中國成語大辭典
[M]:(小學生語文學習文庫)成語中的知識第一輯(一)~(四)加附錄
[N]:遠流活用成語辭典
[P(上)]:成語分類辭典(上)(下)
[R]:新編兒童成語小百科(1)~(12)
[S]:活用成語分類辭典(上)(下)
[U]:同義反義成語詞典
[V]:中國成語大辭典
[W]:成語大辭典(上)(下)
[Z]:成語辨正辭典
[AB]:漢英對照成語辭典
[AC]:成語典
[AD]:洪葉活用成語辭典",22
32695,32696,朝三暮四,"[B]:中國成語大辭典
[C]:經典成語
[D]:簡明實用成語辭典
[E]:成語辭典
[F]:小牛頓成語辭典(注音普及版)
[G(1)]:實用成語辭典
[I]:實用分類學生成語辭典(上)(下)
[J]:漢語成語考釋詞典
[K]:中國成語大辭典
[L]:小叮噹漫書成語小百科(1)~(10)
[M]:(小學生語文學習文庫)成語中的知識第一輯(一)~(四)加附錄
[N]:遠流活用成語辭典
[O(上)]:讀成語寫作文(上)(下)
[P(下)]:成語分類辭典(上)(下)
[Q]:繪圖成語故事三百篇(上)(中)(下)
[R]:新編兒童成語小百科(1)~(12)
[S]:活用成語分類辭典(上)(下)
[T]:成語辨正辭典
[U]:同義反義成語詞典
[V]:中國成語大辭典
[W]:成語大辭典(上)(下)
[X]:常用成語用法
[Z]:成語辨正辭典
[AA]:成語典故文選(上)(下)
[AB]:漢英對照成語辭典
[AC]:成語典
[AD]:洪葉活用成語辭典",27
33180,33181,無地自容,"[B]:中國成語大辭典
[C]:經典成語
[D]:簡明實用成語辭典
[E]:成語辭典
[F]:小牛頓成語辭典(注音普及版)
[G(1)]:實用成語辭典
[H]:活用造句辭典(成語部分)
[I]:實用分類學生成語辭典(上)(下)
[J]:漢語成語考釋詞典
[K]:中國成語大辭典
[N]:遠流活用成語辭典
[O(上)]:讀成語寫作文(上)(下)
[P(上)]:成語分類辭典(上)(下)
[R]:新編兒童成語小百科(1)~(12)
[S]:活用成語分類辭典(上)(下)
[T]:成語辨正辭典
[U]:同義反義成語詞典
[V]:中國成語大辭典
[W]:成語大辭典(上)(下)
[AB]:漢英對照成語辭典
[AC]:成語典",21
33697,33698,畫蛇添足,"[B]:中國成語大辭典
[C]:經典成語
[D]:簡明實用成語辭典
[E]:成語辭典
[F]:小牛頓成語辭典(注音普及版)
[G(1)]:實用成語辭典
[H]:活用造句辭典(成語部分)
[I]:實用分類學生成語辭典(上)(下)
[J]:漢語成語考釋詞典
[K]:中國成語大辭典
[L]:小叮噹漫書成語小百科(1)~(10)
[M]:(小學生語文學習文庫)成語中的知識第一輯(一)~(四)加附錄
[N]:遠流活用成語辭典
[P(上)]:成語分類辭典(上)(下)
[Q]:繪圖成語故事三百篇(上)(中)(下)
[R]:新編兒童成語小百科(1)~(12)
[S]:活用成語分類辭典(上)(下)
[T]:成語辨正辭典
[U]:同義反義成語詞典
[V]:中國成語大辭典
[W]:成語大辭典(上)(下)
[X]:常用成語用法
[AA]:成語典故文選(上)(下)
[AB]:漢英對照成語辭典
[AC]:成語典",25
33798,33799,痛心疾首,"[B]:中國成語大辭典
[C]:經典成語
[D]:簡明實用成語辭典
[E]:成語辭典
[F]:小牛頓成語辭典(注音普及版)
[G(1)]:實用成語辭典
[H]:活用造句辭典(成語部分)
[I]:實用分類學生成語辭典(上)(下)
[J]:漢語成語考釋詞典
[M]:(小學生語文學習文庫)成語中的知識第一輯(一)~(四)加附錄
[N]:遠流活用成語辭典
[O(上)]:讀成語寫作文(上)(下)
[P(上)]:成語分類辭典(上)(下)
[Q]:繪圖成語故事三百篇(上)(中)(下)
[R]:新編兒童成語小百科(1)~(12)
[S]:活用成語分類辭典(上)(下)
[T]:成語辨正辭典
[U]:同義反義成語詞典
[V]:中國成語大辭典
[W]:成語大辭典(上)(下)
[X]:常用成語用法
[Y]:新編成語故事
[AC]:成語典",23
34349,34350,草木皆兵,"[B]:中國成語大辭典
[C]:經典成語
[D]:簡明實用成語辭典
[E]:成語辭典
[F]:小牛頓成語辭典(注音普及版)
[G(1)]:實用成語辭典
[H]:活用造句辭典(成語部分)
[I]:實用分類學生成語辭典(上)(下)
[J]:漢語成語考釋詞典
[M]:(小學生語文學習文庫)成語中的知識第一輯(一)~(四)加附錄
[N]:遠流活用成語辭典
[O(上)]:讀成語寫作文(上)(下)
[P(上)]:成語分類辭典(上)(下)
[Q]:繪圖成語故事三百篇(上)(中)(下)
[R]:新編兒童成語小百科(1)~(12)
[S]:活用成語分類辭典(上)(下)
[U]:同義反義成語詞典
[V]:中國成語大辭典
[W]:成語大辭典(上)(下)
[X]:常用成語用法
[Y]:新編成語故事
[Z]:成語辨正辭典
[AB]:漢英對照成語辭典
[AC]:成語典
[AD]:洪葉活用成語辭典",25
34376,34377,草菅人命,"[B]:中國成語大辭典
[C]:經典成語
[D]:簡明實用成語辭典
[E]:成語辭典
[F]:小牛頓成語辭典(注音普及版)
[G(1)]:實用成語辭典
[H]:活用造句辭典(成語部分)
[J]:漢語成語考釋詞典
[K]:中國成語大辭典
[N]:遠流活用成語辭典
[P(上)]:成語分類辭典(上)(下)
[R]:新編兒童成語小百科(1)~(12)
[S]:活用成語分類辭典(上)(下)
[T]:成語辨正辭典
[U]:同義反義成語詞典
[V]:中國成語大辭典
[W]:成語大辭典(上)(下)
[X]:常用成語用法
[AB]:漢英對照成語辭典
[AC]:成語典
[AD]:洪葉活用成語辭典",21
34542,34543,買櫝還珠,"[B]:中國成語大辭典
[C]:經典成語
[D]:簡明實用成語辭典
[E]:成語辭典
[F]:小牛頓成語辭典(注音普及版)
[G(2)]:實用成語辭典
[I]:實用分類學生成語辭典(上)(下)
[J]:漢語成語考釋詞典
[K]:中國成語大辭典
[L]:小叮噹漫書成語小百科(1)~(10)
[M]:(小學生語文學習文庫)成語中的知識第一輯(一)~(四)加附錄
[N]:遠流活用成語辭典
[P(上)]:成語分類辭典(上)(下)
[Q]:繪圖成語故事三百篇(上)(中)(下)
[R]:新編兒童成語小百科(1)~(12)
[S]:活用成語分類辭典(上)(下)
[T]:成語辨正辭典
[AA]:成語典故文選(上)(下)
[AB]:漢英對照成語辭典
[AC]:成語典
[AD]:洪葉活用成語辭典",21
34649,34650,越俎代庖,"[B]:中國成語大辭典
[C]:經典成語
[D]:簡明實用成語辭典
[E]:成語辭典
[F]:小牛頓成語辭典(注音普及版)
[G(1)]:實用成語辭典
[I]:實用分類學生成語辭典(上)(下)
[J]:漢語成語考釋詞典
[K]:中國成語大辭典
[P(上)]:成語分類辭典(上)(下)
[R]:新編兒童成語小百科(1)~(12)
[S]:活用成語分類辭典(上)(下)
[T]:成語辨正辭典
[U]:同義反義成語詞典
[V]:中國成語大辭典
[W]:成語大辭典(上)(下)
[X]:常用成語用法
[Z]:成語辨正辭典
[AB]:漢英對照成語辭典
[AC]:成語典
[AD]:洪葉活用成語辭典",21
34797,34798,開門見山,"[B]:中國成語大辭典
[C]:經典成語
[D]:簡明實用成語辭典
[E]:成語辭典
[F]:小牛頓成語辭典(注音普及版)
[G(1)]:實用成語辭典
[H]:活用造句辭典(成語部分)
[I]:實用分類學生成語辭典(上)(下)
[J]:漢語成語考釋詞典
[K]:中國成語大辭典
[N]:遠流活用成語辭典
[O(上)]:讀成語寫作文(上)(下)
[P(上)]:成語分類辭典(上)(下)
[R]:新編兒童成語小百科(1)~(12)
[S]:活用成語分類辭典(上)(下)
[U]:同義反義成語詞典
[V]:中國成語大辭典
[W]:成語大辭典(上)(下)
[AA]:成語典故文選(上)(下)
[AB]:漢英對照成語辭典
[AC]:成語典",21
35400,35401,勢如破竹,"[B]:中國成語大辭典
[C]:經典成語
[D]:簡明實用成語辭典
[E]:成語辭典
[F]:小牛頓成語辭典(注音普及版)
[G(1)]:實用成語辭典
[H]:活用造句辭典(成語部分)
[I]:實用分類學生成語辭典(上)(下)
[J]:漢語成語考釋詞典
[K]:中國成語大辭典
[L]:小叮噹漫書成語小百科(1)~(10)
[N]:遠流活用成語辭典
[P(下)]:成語分類辭典(上)(下)
[Q]:繪圖成語故事三百篇(上)(中)(下)
[R]:新編兒童成語小百科(1)~(12)
[S]:活用成語分類辭典(上)(下)
[T]:成語辨正辭典
[U]:同義反義成語詞典
[V]:中國成語大辭典
[W]:成語大辭典(上)(下)
[Z]:成語辨正辭典
[AA]:成語典故文選(上)(下)
[AB]:漢英對照成語辭典
[AC]:成語典
[AD]:洪葉活用成語辭典",25
35755,35756,愛屋及烏,"[B]:中國成語大辭典
[C]:經典成語
[D]:簡明實用成語辭典
[E]:成語辭典
[F]:小牛頓成語辭典(注音普及版)
[G(1)]:實用成語辭典
[H]:活用造句辭典(成語部分)
[I]:實用分類學生成語辭典(上)(下)
[J]:漢語成語考釋詞典
[K]:中國成語大辭典
[L]:小叮噹漫書成語小百科(1)~(10)
[N]:遠流活用成語辭典
[R]:新編兒童成語小百科(1)~(12)
[S]:活用成語分類辭典(上)(下)
[T]:成語辨正辭典
[U]:同義反義成語詞典
[V]:中國成語大辭典
[W]:成語大辭典(上)(下)
[AA]:成語典故文選(上)(下)
[AC]:成語典
[AD]:洪葉活用成語辭典",21
36298,36299,滄海一粟,"[B]:中國成語大辭典
[C]:經典成語
[D]:簡明實用成語辭典
[E]:成語辭典
[F]:小牛頓成語辭典(注音普及版)
[G(1)]:實用成語辭典
[H]:活用造句辭典(成語部分)
[I]:實用分類學生成語辭典(上)(下)
[J]:漢語成語考釋詞典
[K]:中國成語大辭典
[L]:小叮噹漫書成語小百科(1)~(10)
[M]:(小學生語文學習文庫)成語中的知識第一輯(一)~(四)加附錄
[N]:遠流活用成語辭典
[P(下)]:成語分類辭典(上)(下)
[R]:新編兒童成語小百科(1)~(12)
[S]:活用成語分類辭典(上)(下)
[T]:成語辨正辭典
[U]:同義反義成語詞典
[V]:中國成語大辭典
[W]:成語大辭典(上)(下)
[AB]:漢英對照成語辭典
[AC]:成語典
[AD]:洪葉活用成語辭典",23
36299,36300,滄海桑田,"[B]:中國成語大辭典
[C]:經典成語
[D]:簡明實用成語辭典
[E]:成語辭典
[F]:小牛頓成語辭典(注音普及版)
[G(1)]:實用成語辭典
[H]:活用造句辭典(成語部分)
[I]:實用分類學生成語辭典(上)(下)
[J]:漢語成語考釋詞典
[K]:中國成語大辭典
[M]:(小學生語文學習文庫)成語中的知識第一輯(一)~(四)加附錄
[N]:遠流活用成語辭典
[P(下)]:成語分類辭典(上)(下)
[Q]:繪圖成語故事三百篇(上)(中)(下)
[R]:新編兒童成語小百科(1)~(12)
[S]:活用成語分類辭典(上)(下)
[T]:成語辨正辭典
[U]:同義反義成語詞典
[V]:中國成語大辭典
[W]:成語大辭典(上)(下)
[X]:常用成語用法
[Z]:成語辨正辭典
[AA]:成語典故文選(上)(下)
[AC]:成語典
[AD]:洪葉活用成語辭典",25
36815,36816,群策群力,"[B]:中國成語大辭典
[C]:經典成語
[D]:簡明實用成語辭典
[E]:成語辭典
[G(1)]:實用成語辭典
[H]:活用造句辭典(成語部分)
[I]:實用分類學生成語辭典(上)(下)
[J]:漢語成語考釋詞典
[K]:中國成語大辭典
[N]:遠流活用成語辭典
[O(上)]:讀成語寫作文(上)(下)
[P(上)]:成語分類辭典(上)(下)
[R]:新編兒童成語小百科(1)~(12)
[S]:活用成語分類辭典(上)(下)
[T]:成語辨正辭典
[U]:同義反義成語詞典
[V]:中國成語大辭典
[W]:成語大辭典(上)(下)
[X]:常用成語用法
[AB]:漢英對照成語辭典
[AC]:成語典",21
37029,37030,莫逆之交,"[B]:中國成語大辭典
[C]:經典成語
[D]:簡明實用成語辭典
[E]:成語辭典
[F]:小牛頓成語辭典(注音普及版)
[G(1)]:實用成語辭典
[H]:活用造句辭典(成語部分)
[I]:實用分類學生成語辭典(上)(下)
[J]:漢語成語考釋詞典
[K]:中國成語大辭典
[N]:遠流活用成語辭典
[P(上)]:成語分類辭典(上)(下)
[R]:新編兒童成語小百科(1)~(12)
[S]:活用成語分類辭典(上)(下)
[T]:成語辨正辭典
[V]:中國成語大辭典
[W]:成語大辭典(上)(下)
[Z]:成語辨正辭典
[AA]:成語典故文選(上)(下)
[AB]:漢英對照成語辭典
[AC]:成語典",21
37058,37059,蜀犬吠日,"[A]:彩圖典故辭典(精)
[B]:中國成語大辭典
[C]:經典成語
[D]:簡明實用成語辭典
[E]:成語辭典
[F]:小牛頓成語辭典(注音普及版)
[G(1)]:實用成語辭典
[I]:實用分類學生成語辭典(上)(下)
[J]:漢語成語考釋詞典
[K]:中國成語大辭典
[O(下)]:讀成語寫作文(上)(下)
[R]:新編兒童成語小百科(1)~(12)
[S]:活用成語分類辭典(上)(下)
[T]:成語辨正辭典
[U]:同義反義成語詞典
[V]:中國成語大辭典
[W]:成語大辭典(上)(下)
[Z]:成語辨正辭典
[AA]:成語典故文選(上)(下)
[AC]:成語典
[AD]:洪葉活用成語辭典",21
37461,37462,過河拆橋,"[B]:中國成語大辭典
[C]:經典成語
[D]:簡明實用成語辭典
[E]:成語辭典
[G(1)]:實用成語辭典
[H]:活用造句辭典(成語部分)
[I]:實用分類學生成語辭典(上)(下)
[J]:漢語成語考釋詞典
[K]:中國成語大辭典
[N]:遠流活用成語辭典
[O(下)]:讀成語寫作文(上)(下)
[Q]:繪圖成語故事三百篇(上)(中)(下)
[R]:新編兒童成語小百科(1)~(12)
[S]:活用成語分類辭典(上)(下)
[T]:成語辨正辭典
[U]:同義反義成語詞典
[V]:中國成語大辭典
[W]:成語大辭典(上)(下)
[Z]:成語辨正辭典
[AB]:漢英對照成語辭典
[AC]:成語典",21
37810,37811,飲鴆止渴,"[B]:中國成語大辭典
[C]:經典成語
[D]:簡明實用成語辭典
[E]:成語辭典
[F]:小牛頓成語辭典(注音普及版)
[G(1)]:實用成語辭典
[I]:實用分類學生成語辭典(上)(下)
[J]:漢語成語考釋詞典
[K]:中國成語大辭典
[M]:(小學生語文學習文庫)成語中的知識第一輯(一)~(四)加附錄
[N]:遠流活用成語辭典
[R]:新編兒童成語小百科(1)~(12)
[S]:活用成語分類辭典(上)(下)
[T]:成語辨正辭典
[V]:中國成語大辭典
[W]:成語大辭典(上)(下)
[X]:常用成語用法
[Z]:成語辨正辭典
[AA]:成語典故文選(上)(下)
[AB]:漢英對照成語辭典
[AC]:成語典
[AD]:洪葉活用成語辭典",22
38244,38245,對牛彈琴,"[B]:中國成語大辭典
[C]:經典成語
[D]:簡明實用成語辭典
[E]:成語辭典
[F]:小牛頓成語辭典(注音普及版)
[G(1)]:實用成語辭典
[H]:活用造句辭典(成語部分)
[I]:實用分類學生成語辭典(上)(下)
[J]:漢語成語考釋詞典
[K]:中國成語大辭典
[L]:小叮噹漫書成語小百科(1)~(10)
[N]:遠流活用成語辭典
[O(下)]:讀成語寫作文(上)(下)
[P(上)]:成語分類辭典(上)(下)
[Q]:繪圖成語故事三百篇(上)(中)(下)
[R]:新編兒童成語小百科(1)~(12)
[S]:活用成語分類辭典(上)(下)
[V]:中國成語大辭典
[W]:成語大辭典(上)(下)
[Z]:成語辨正辭典
[AA]:成語典故文選(上)(下)
[AB]:漢英對照成語辭典
[AC]:成語典
[AD]:洪葉活用成語辭典",24
38635,38636,滿城風雨,"[B]:中國成語大辭典
[C]:經典成語
[D]:簡明實用成語辭典
[E]:成語辭典
[F]:小牛頓成語辭典(注音普及版)
[G(1)]:實用成語辭典
[H]:活用造句辭典(成語部分)
[I]:實用分類學生成語辭典(上)(下)
[J]:漢語成語考釋詞典
[K]:中國成語大辭典
[N]:遠流活用成語辭典
[P(上)]:成語分類辭典(上)(下)
[Q]:繪圖成語故事三百篇(上)(中)(下)
[R]:新編兒童成語小百科(1)~(12)
[S]:活用成語分類辭典(上)(下)
[V]:中國成語大辭典
[W]:成語大辭典(上)(下)
[X]:常用成語用法
[Y]:新編成語故事
[AA]:成語典故文選(上)(下)
[AC]:成語典
[AD]:洪葉活用成語辭典",22
38658,38659,滿腹經綸,"[B]:中國成語大辭典
[C]:經典成語
[D]:簡明實用成語辭典
[E]:成語辭典
[F]:小牛頓成語辭典(注音普及版)
[G(1)]:實用成語辭典
[H]:活用造句辭典(成語部分)
[I]:實用分類學生成語辭典(上)(下)
[J]:漢語成語考釋詞典
[K]:中國成語大辭典
[L]:小叮噹漫書成語小百科(1)~(10)
[N]:遠流活用成語辭典
[O(下)]:讀成語寫作文(上)(下)
[P(上)]:成語分類辭典(上)(下)
[R]:新編兒童成語小百科(1)~(12)
[S]:活用成語分類辭典(上)(下)
[T]:成語辨正辭典
[U]:同義反義成語詞典
[V]:中國成語大辭典
[W]:成語大辭典(上)(下)
[AB]:漢英對照成語辭典
[AC]:成語典",22
39138,39139,竭澤而漁,"[B]:中國成語大辭典
[C]:經典成語
[D]:簡明實用成語辭典
[E]:成語辭典
[F]:小牛頓成語辭典(注音普及版)
[G(1)]:實用成語辭典
[H]:活用造句辭典(成語部分)
[I]:實用分類學生成語辭典(上)(下)
[J]:漢語成語考釋詞典
[K]:中國成語大辭典
[M]:(小學生語文學習文庫)成語中的知識第一輯(一)~(四)加附錄
[N]:遠流活用成語辭典
[O(上)]:讀成語寫作文(上)(下)
[P(上)]:成語分類辭典(上)(下)
[Q]:繪圖成語故事三百篇(上)(中)(下)
[R]:新編兒童成語小百科(1)~(12)
[S]:活用成語分類辭典(上)(下)
[T]:成語辨正辭典
[U]:同義反義成語詞典
[V]:中國成語大辭典
[W]:成語大辭典(上)(下)
[X]:常用成語用法
[Z]:成語辨正辭典
[AA]:成語典故文選(上)(下)
[AB]:漢英對照成語辭典
[AC]:成語典
[AD]:洪葉活用成語辭典",27
39175,39176,管中窺豹,"[B]:中國成語大辭典
[C]:經典成語
[D]:簡明實用成語辭典
[E]:成語辭典
[G(1)]:實用成語辭典
[H]:活用造句辭典(成語部分)
[I]:實用分類學生成語辭典(上)(下)
[J]:漢語成語考釋詞典
[K]:中國成語大辭典
[N]:遠流活用成語辭典
[O(下)]:讀成語寫作文(上)(下)
[Q]:繪圖成語故事三百篇(上)(中)(下)
[R]:新編兒童成語小百科(1)~(12)
[T]:成語辨正辭典
[U]:同義反義成語詞典
[V]:中國成語大辭典
[W]:成語大辭典(上)(下)
[AA]:成語典故文選(上)(下)
[AB]:漢英對照成語辭典
[AC]:成語典
[AD]:洪葉活用成語辭典",21
39669,39670,裹足不前,"[B]:中國成語大辭典
[C]:經典成語
[D]:簡明實用成語辭典
[E]:成語辭典
[F]:小牛頓成語辭典(注音普及版)
[G(1)]:實用成語辭典
[H]:活用造句辭典(成語部分)
[I]:實用分類學生成語辭典(上)(下)
[J]:漢語成語考釋詞典
[K]:中國成語大辭典
[N]:遠流活用成語辭典
[O(上)]:讀成語寫作文(上)(下)
[P(上)]:成語分類辭典(上)(下)
[R]:新編兒童成語小百科(1)~(12)
[S]:活用成語分類辭典(上)(下)
[T]:成語辨正辭典
[U]:同義反義成語詞典
[V]:中國成語大辭典
[W]:成語大辭典(上)(下)
[AB]:漢英對照成語辭典
[AC]:成語典",21
39833,39834,賓至如歸,"[B]:中國成語大辭典
[C]:經典成語
[D]:簡明實用成語辭典
[E]:成語辭典
[F]:小牛頓成語辭典(注音普及版)
[G(1)]:實用成語辭典
[H]:活用造句辭典(成語部分)
[I]:實用分類學生成語辭典(上)(下)
[J]:漢語成語考釋詞典
[K]:中國成語大辭典
[N]:遠流活用成語辭典
[O(下)]:讀成語寫作文(上)(下)
[Q]:繪圖成語故事三百篇(上)(中)(下)
[R]:新編兒童成語小百科(1)~(12)
[S]:活用成語分類辭典(上)(下)
[T]:成語辨正辭典
[V]:中國成語大辭典
[W]:成語大辭典(上)(下)
[AB]:漢英對照成語辭典
[AC]:成語典
[AD]:洪葉活用成語辭典",21
40965,40966,樂不思蜀,"[B]:中國成語大辭典
[C]:經典成語
[D]:簡明實用成語辭典
[E]:成語辭典
[F]:小牛頓成語辭典(注音普及版)
[G(1)]:實用成語辭典
[H]:活用造句辭典(成語部分)
[I]:實用分類學生成語辭典(上)(下)
[J]:漢語成語考釋詞典
[M]:(小學生語文學習文庫)成語中的知識第一輯(一)~(四)加附錄
[N]:遠流活用成語辭典
[O(上)]:讀成語寫作文(上)(下)
[Q]:繪圖成語故事三百篇(上)(中)(下)
[R]:新編兒童成語小百科(1)~(12)
[T]:成語辨正辭典
[U]:同義反義成語詞典
[V]:中國成語大辭典
[W]:成語大辭典(上)(下)
[X]:常用成語用法
[Y]:新編成語故事
[Z]:成語辨正辭典
[AA]:成語典故文選(上)(下)
[AC]:成語典
[AD]:洪葉活用成語辭典",24
41379,41380,緣木求魚,"[B]:中國成語大辭典
[C]:經典成語
[D]:簡明實用成語辭典
[E]:成語辭典
[F]:小牛頓成語辭典(注音普及版)
[G(1)]:實用成語辭典
[I]:實用分類學生成語辭典(上)(下)
[J]:漢語成語考釋詞典
[K]:中國成語大辭典
[M]:(小學生語文學習文庫)成語中的知識第一輯(一)~(四)加附錄
[N]:遠流活用成語辭典
[Q]:繪圖成語故事三百篇(上)(中)(下)
[R]:新編兒童成語小百科(1)~(12)
[S]:活用成語分類辭典(上)(下)
[T]:成語辨正辭典
[U]:同義反義成語詞典
[V]:中國成語大辭典
[W]:成語大辭典(上)(下)
[Z]:成語辨正辭典
[AA]:成語典故文選(上)(下)
[AB]:漢英對照成語辭典
[AC]:成語典
[AD]:洪葉活用成語辭典",23
41696,41697,落井下石,"[B]:中國成語大辭典
[C]:經典成語
[D]:簡明實用成語辭典
[E]:成語辭典
[F]:小牛頓成語辭典(注音普及版)
[G(1)]:實用成語辭典
[I]:實用分類學生成語辭典(上)(下)
[J]:漢語成語考釋詞典
[K]:中國成語大辭典
[N]:遠流活用成語辭典
[P]:成語分類辭典(上)(下)
[Q]:繪圖成語故事三百篇(上)(中)(下)
[R]:新編兒童成語小百科(1)~(12)
[S]:活用成語分類辭典(上)(下)
[T]:成語辨正辭典
[U]:同義反義成語詞典
[V]:中國成語大辭典
[W]:成語大辭典(上)(下)
[Z]:成語辨正辭典
[AB]:漢英對照成語辭典
[AD]:洪葉活用成語辭典",21
42367,42368,噤若寒蟬,"[B]:中國成語大辭典
[D]:簡明實用成語辭典
[E]:成語辭典
[F]:小牛頓成語辭典(注音普及版)
[G(1)]:實用成語辭典
[H]:活用造句辭典(成語部分)
[I]:實用分類學生成語辭典(上)(下)
[J]:漢語成語考釋詞典
[K]:中國成語大辭典
[N]:遠流活用成語辭典
[O(上)]:讀成語寫作文(上)(下)
[P(上)]:成語分類辭典(上)(下)
[Q]:繪圖成語故事三百篇(上)(中)(下)
[S]:活用成語分類辭典(上)(下)
[T]:成語辨正辭典
[U]:同義反義成語詞典
[V]:中國成語大辭典
[W]:成語大辭典(上)(下)
[Z]:成語辨正辭典
[AB]:漢英對照成語辭典
[AC]:成語典",21
42575,42576,戰戰兢兢,"[B]:中國成語大辭典
[C]:經典成語
[D]:簡明實用成語辭典
[E]:成語辭典
[F]:小牛頓成語辭典(注音普及版)
[G(1)]:實用成語辭典
[I]:實用分類學生成語辭典(上)(下)
[J]:漢語成語考釋詞典
[K]:中國成語大辭典
[N]:遠流活用成語辭典
[O(上)]:讀成語寫作文(上)(下)
[P(上)]:成語分類辭典(上)(下)
[R]:新編兒童成語小百科(1)~(12)
[S]:活用成語分類辭典(上)(下)
[T]:成語辨正辭典
[U]:同義反義成語詞典
[V]:中國成語大辭典
[W]:成語大辭典(上)(下)
[Z]:成語辨正辭典
[AB]:漢英對照成語辭典
[AC]:成語典",21
42944,42945,燃眉之急,"[B]:中國成語大辭典
[C]:經典成語
[D]:簡明實用成語辭典
[E]:成語辭典
[F]:小牛頓成語辭典(注音普及版)
[G(1)]:實用成語辭典
[H]:活用造句辭典(成語部分)
[I]:實用分類學生成語辭典(上)(下)
[J]:漢語成語考釋詞典
[K]:中國成語大辭典
[M]:(小學生語文學習文庫)成語中的知識第一輯(一)~(四)加附錄
[P(下)]:成語分類辭典(上)(下)
[Q]:繪圖成語故事三百篇(上)(中)(下)
[R]:新編兒童成語小百科(1)~(12)
[S]:活用成語分類辭典(上)(下)
[T]:成語辨正辭典
[U]:同義反義成語詞典
[V]:中國成語大辭典
[W]:成語大辭典(上)(下)
[AB]:漢英對照成語辭典
[AC]:成語典
[AD]:洪葉活用成語辭典",22
43290,43291,舉一反三,"[B]:中國成語大辭典
[C]:經典成語
[D]:簡明實用成語辭典
[E]:成語辭典
[F]:小牛頓成語辭典(注音普及版)
[G(1)]:實用成語辭典
[H]:活用造句辭典(成語部分)
[I]:實用分類學生成語辭典(上)(下)
[J]:漢語成語考釋詞典
[K]:中國成語大辭典
[N]:遠流活用成語辭典
[O(下)]:讀成語寫作文(上)(下)
[P(上)]:成語分類辭典(上)(下)
[Q]:繪圖成語故事三百篇(上)(中)(下)
[R]:新編兒童成語小百科(1)~(12)
[S]:活用成語分類辭典(上)(下)
[T]:成語辨正辭典
[U]:同義反義成語詞典
[V]:中國成語大辭典
[W]:成語大辭典(上)(下)
[X]:常用成語用法
[Y]:新編成語故事
[AA]:成語典故文選(上)(下)
[AB]:漢英對照成語辭典
[AC]:成語典
[AD]:洪葉活用成語辭典",26
43335,43336,舉案齊眉,"[A]:彩圖典故辭典(精)
[B]:中國成語大辭典
[C]:經典成語
[D]:簡明實用成語辭典
[E]:成語辭典
[G(1)]:實用成語辭典
[I]:實用分類學生成語辭典(上)(下)
[J]:漢語成語考釋詞典
[K]:中國成語大辭典
[N]:遠流活用成語辭典
[P(上)]:成語分類辭典(上)(下)
[R]:新編兒童成語小百科(1)~(12)
[S]:活用成語分類辭典(上)(下)
[T]:成語辨正辭典
[U]:同義反義成語詞典
[V]:中國成語大辭典
[W]:成語大辭典(上)(下)
[X]:常用成語用法
[Z]:成語辨正辭典
[AA]:成語典故文選(上)(下)
[AC]:成語典
[AD]:洪葉活用成語辭典",22
44261,44262,濫竽充數,"[B]:中國成語大辭典
[C]:經典成語
[D]:簡明實用成語辭典
[E]:成語辭典
[F]:小牛頓成語辭典(注音普及版)
[H]:活用造句辭典(成語部分)
[I]:實用分類學生成語辭典(上)(下)
[J]:漢語成語考釋詞典
[K]:中國成語大辭典
[M]:(小學生語文學習文庫)成語中的知識第一輯(一)~(四)加附錄
[N]:遠流活用成語辭典
[P(上)]:成語分類辭典(上)(下)
[Q]:繪圖成語故事三百篇(上)(中)(下)
[R]:新編兒童成語小百科(1)~(12)
[S]:活用成語分類辭典(上)(下)
[T]:成語辨正辭典
[U]:同義反義成語詞典
[V]:中國成語大辭典
[W]:成語大辭典(上)(下)
[X]:常用成語用法
[Y]:新編成語故事
[AA]:成語典故文選(上)(下)
[AC]:成語典
[AD]:洪葉活用成語辭典",24
44346,44347,矯枉過正,"[B]:中國成語大辭典
[C]:經典成語
[D]:簡明實用成語辭典
[E]:成語辭典
[F]:小牛頓成語辭典(注音普及版)
[G(1)]:實用成語辭典
[H]:活用造句辭典(成語部分)
[I]:實用分類學生成語辭典(上)(下)
[J]:漢語成語考釋詞典
[K]:中國成語大辭典
[N]:遠流活用成語辭典
[P(下)]:成語分類辭典(上)(下)
[Q]:繪圖成語故事三百篇(上)(中)(下)
[R]:新編兒童成語小百科(1)~(12)
[T]:成語辨正辭典
[V]:中國成語大辭典
[W]:成語大辭典(上)(下)
[X]:常用成語用法
[AA]:成語典故文選(上)(下)
[AC]:成語典
[AD]:洪葉活用成語辭典",21
44592,44593,膾炙人口,"[B]:中國成語大辭典
[C]:經典成語
[D]:簡明實用成語辭典
[E]:成語辭典
[F]:小牛頓成語辭典(注音普及版)
[G(1)]:實用成語辭典
[H]:活用造句辭典(成語部分)
[I]:實用分類學生成語辭典(上)(下)
[J]:漢語成語考釋詞典
[K]:中國成語大辭典
[O(下)]:讀成語寫作文(上)(下)
[P(下)]:成語分類辭典(上)(下)
[Q]:繪圖成語故事三百篇(上)(中)(下)
[R]:新編兒童成語小百科(1)~(12)
[T]:成語辨正辭典
[U]:同義反義成語詞典
[V]:中國成語大辭典
[W]:成語大辭典(上)(下)
[Z]:成語辨正辭典
[AA]:成語典故文選(上)(下)
[AB]:漢英對照成語辭典
[AC]:成語典
[AD]:洪葉活用成語辭典",23
44776,44777,螳臂當車,"[B]:中國成語大辭典
[C]:經典成語
[D]:簡明實用成語辭典
[E]:成語辭典
[F]:小牛頓成語辭典(注音普及版)
[G(1)]:實用成語辭典
[H]:活用造句辭典(成語部分)
[I]:實用分類學生成語辭典(上)(下)
[K]:中國成語大辭典
[M]:(小學生語文學習文庫)成語中的知識第一輯(一)~(四)加附錄
[N]:遠流活用成語辭典
[O(下)]:讀成語寫作文(上)(下)
[P(上)]:成語分類辭典(上)(下)
[R]:新編兒童成語小百科(1)~(12)
[S]:活用成語分類辭典(上)(下)
[T]:成語辨正辭典
[U]:同義反義成語詞典
[V]:中國成語大辭典
[W]:成語大辭典(上)(下)
[X]:常用成語用法
[AC]:成語典
[AD]:洪葉活用成語辭典",22
45545,45546,蕭規曹隨,"[A]:彩圖典故辭典(精)
[B]:中國成語大辭典
[C]:經典成語
[D]:簡明實用成語辭典
[E]:成語辭典
[F]:小牛頓成語辭典(注音普及版)
[G(1)]:實用成語辭典
[J]:漢語成語考釋詞典
[K]:中國成語大辭典
[M]:(小學生語文學習文庫)成語中的知識第一輯(一)~(四)加附錄
[N]:遠流活用成語辭典
[R]:新編兒童成語小百科(1)~(12)
[S]:活用成語分類辭典(上)(下)
[T]:成語辨正辭典
[U]:同義反義成語詞典
[V]:中國成語大辭典
[W]:成語大辭典(上)(下)
[X]:常用成語用法
[Z]:成語辨正辭典
[AA]:成語典故文選(上)(下)
[AB]:漢英對照成語辭典
[AC]:成語典
[AD]:洪葉活用成語辭典",23
45761,45762,雙管齊下,"[B]:中國成語大辭典
[C]:經典成語
[D]:簡明實用成語辭典
[E]:成語辭典
[F]:小牛頓成語辭典(注音普及版)
[G(1)]:實用成語辭典
[I]:實用分類學生成語辭典(上)(下)
[J]:漢語成語考釋詞典
[K]:中國成語大辭典
[N]:遠流活用成語辭典
[P(上)]:成語分類辭典(上)(下)
[Q]:繪圖成語故事三百篇(上)(中)(下)
[R]:新編兒童成語小百科(1)~(12)
[T]:成語辨正辭典
[U]:同義反義成語詞典
[V]:中國成語大辭典
[X]:常用成語用法
[Z]:成語辨正辭典
[AA]:成語典故文選(上)(下)
[AB]:漢英對照成語辭典
[AC]:成語典
[AD]:洪葉活用成語辭典",22
45884,45885,騎虎難下,"[B]:中國成語大辭典
[C]:經典成語
[D]:簡明實用成語辭典
[E]:成語辭典
[F]:小牛頓成語辭典(注音普及版)
[G(1)]:實用成語辭典
[H]:活用造句辭典(成語部分)
[I]:實用分類學生成語辭典(上)(下)
[J]:漢語成語考釋詞典
[K]:中國成語大辭典
[N]:遠流活用成語辭典
[P(下)]:成語分類辭典(上)(下)
[Q]:繪圖成語故事三百篇(上)(中)(下)
[R]:新編兒童成語小百科(1)~(12)
[S]:活用成語分類辭典(上)(下)
[T]:成語辨正辭典
[U]:同義反義成語詞典
[V]:中國成語大辭典
[W]:成語大辭典(上)(下)
[AA]:成語典故文選(上)(下)
[AB]:漢英對照成語辭典
[AC]:成語典
[AD]:洪葉活用成語辭典",23
46033,46034,攀龍附鳳,"[B]:中國成語大辭典
[C]:經典成語
[D]:簡明實用成語辭典
[E]:成語辭典
[F]:小牛頓成語辭典(注音普及版)
[G(1)]:實用成語辭典
[H]:活用造句辭典(成語部分)
[I]:實用分類學生成語辭典(上)(下)
[J]:漢語成語考釋詞典
[K]:中國成語大辭典
[N]:遠流活用成語辭典
[P(上)]:成語分類辭典(上)(下)
[R]:新編兒童成語小百科(1)~(12)
[S]:活用成語分類辭典(上)(下)
[T]:成語辨正辭典
[U]:同義反義成語詞典
[V]:中國成語大辭典
[W]:成語大辭典(上)(下)
[Z]:成語辨正辭典
[AA]:成語典故文選(上)(下)
[AB]:漢英對照成語辭典
[AC]:成語典
[AD]:洪葉活用成語辭典",23
47660,47661,驚弓之鳥,"[A]:彩圖典故辭典(精)
[B]:中國成語大辭典
[C]:經典成語
[D]:簡明實用成語辭典
[E]:成語辭典
[F]:小牛頓成語辭典(注音普及版)
[G(1)]:實用成語辭典
[I]:實用分類學生成語辭典(上)(下)
[J]:漢語成語考釋詞典
[K]:中國成語大辭典
[L]:小叮噹漫書成語小百科(1)~(10)
[M]:(小學生語文學習文庫)成語中的知識第一輯(一)~(四)加附錄
[N]:遠流活用成語辭典
[O(上)]:讀成語寫作文(上)(下)
[P(上)]:成語分類辭典(上)(下)
[Q]:繪圖成語故事三百篇(上)(中)(下)
[R]:新編兒童成語小百科(1)~(12)
[S]:活用成語分類辭典(上)(下)
[T]:成語辨正辭典
[U]:同義反義成語詞典
[V]:中國成語大辭典
[W]:成語大辭典(上)(下)
[AA]:成語典故文選(上)(下)
[AB]:漢英對照成語辭典
[AC]:成語典",25
